species,naturalized,invasive
Senecio inaequidens,yes,yes
Opuntia dillenii,yes,yes
Cuscuta australis,yes,yes
Cuscuta chinensis,yes,yes
Cuscuta lupuliformis,yes,yes
Cuscuta monogyna,yes,yes
Mimosa casta,yes,yes
Moraea aspera,yes,yes
Moraea autumnalis,yes,yes
Moraea bifida,yes,yes
Moraea brachygyne,yes,yes
Moraea bulbillifera,yes,yes
Moraea cedarmonticola,yes,yes
Moraea collina,yes,yes
Moraea comptonii,yes,yes
Moraea cookii,yes,yes
Moraea demissa,yes,yes
Moraea elegans,yes,yes
Moraea fenestrata,yes,yes
Moraea flaccida,yes,yes
Moraea flavescens,yes,yes
Moraea fragrans,yes,yes
Moraea fuscomontana,yes,yes
Moraea karroica,yes,yes
Moraea knersvlaktensis,yes,yes
Moraea longistyla,yes,yes
Moraea louisabolusiae,yes,yes
Moraea miniata,yes,yes
Moraea minor,yes,yes
Moraea ochroleuca,yes,yes
Moraea pallida,yes,yes
Moraea patens,yes,yes
Moraea pendula,yes,yes
Moraea pyrophila,yes,yes
Moraea radians,yes,yes
Moraea reflexa,yes,yes
Moraea schlechteri,yes,yes
Moraea vallisbelli,yes,yes
Alectra aurantiaca,yes,yes
Alectra capensis,yes,yes
Alectra fruticosa,yes,yes
Alectra humbertii,yes,yes
Alectra orobanchoides,yes,yes
Alectra rigida,yes,yes
Alectra sessiliflora,yes,yes
Alectra vogelii,yes,yes
Harveya alba,yes,yes
Melasma melampyroides,yes,yes
Melasma strictum,yes,yes
Orobanche caryophyllacea,yes,yes
Orobanche cernua,yes,yes
Orobanche coerulescens,yes,yes
Orobanche hederae,yes,yes
Orobanche pycnostachya,yes,yes
Striga bilabiata,yes,yes
Oryza longistaminata,yes,yes
Acacia mearnsii,yes,yes
Bougainvillea glabra,yes,yes
Prunus lusitanica,yes,yes
Salvia virgata,yes,yes
Digitaria velutina,yes,yes
Pennisetum macrourum,yes,yes
Spondias purpurea,yes,yes
Mangifera indica,yes,yes
Allamanda cathartica,yes,yes
Carissa macrocarpa,yes,yes
Cryptostegia grandiflora,yes,yes
Syngonium podophyllum,yes,yes
Schefflera actinophylla,yes,yes
Phoenix reclinata,yes,yes
Sansevieria hyacinthoides,yes,yes
Euryops multifidus,yes,yes
Carica papaya,yes,yes
Casuarina equisetifolia,yes,yes
Casuarina glauca,yes,yes
Terminalia catappa,yes,yes
Ipomoea aquatica,yes,yes
Erica lusitanica,yes,yes
Acacia auriculiformis,yes,yes
Adenanthera pavonina,yes,yes
Dalbergia sissoo,yes,yes
Clerodendrum chinense,yes,yes
Clerodendrum speciosissimum,yes,yes
Thespesia populnea,yes,yes
Ficus altissima,yes,yes
Ficus elastica,yes,yes
Ficus thonningii,yes,yes
Rhodomyrtus tomentosa,yes,yes
Eugenia uniflora,yes,yes
Psidium cattleianum,yes,yes
Psidium guajava,yes,yes
Syzygium cumini,yes,yes
Syzygium jambos,yes,yes
Jasminum multiflorum,yes,yes
Jasminum fluminense,yes,yes
Bischofia javanica,yes,yes
Breynia disticha,yes,yes
Neyraudia reynaudiana,yes,yes
Ardisia elliptica,yes,yes
Grevillea robusta,yes,yes
Colubrina asiatica,yes,yes
Paederia cruddasiana,yes,yes
Citrus aurantiifolia,yes,yes
Citrus limon,yes,yes
Flacourtia indica,yes,yes
Cupaniopsis anacardioides,yes,yes
Manilkara zapota,yes,yes
Pouteria campechiana,yes,yes
Solanum tampicense,yes,yes
Solanum seaforthianum,yes,yes
Carthamus leucocaulos,yes,yes
Tridax procumbens,yes,yes
Albizia procera,yes,yes
Dichrostachys cinerea,yes,yes
Triumfetta rhomboidea,yes,yes
Pennisetum pedicellatum,yes,yes
Eichhornia azurea,yes,yes
Monochoria vaginalis,yes,yes
Viscum album,yes,yes
Lobelia chinensis,yes,yes
Genista linifolia,yes,yes
Onopordum illyricum,yes,yes
Cucumis myriocarpus,yes,yes
Ischaemum rugosum,yes,yes
Conicosia pugioniformis,yes,yes
Araujia sericifera,yes,yes
Ageratina adenophora,yes,yes
Cynara cardunculus,yes,yes
Cistus creticus,yes,yes
Acacia longifolia,yes,yes
Acacia melanoxylon,yes,yes
Eucalyptus camaldulensis,yes,yes
Eucalyptus globulus,yes,yes
Olea europaea,yes,yes
Pittosporum undulatum,yes,yes
Pennisetum clandestinum,yes,yes
Solanum marginatum,yes,yes
Arctotheca calendula,yes,yes
Centaurea sulphurea,yes,yes
Euphorbia serrata,yes,yes
Solanum lanceolatum,yes,yes
Malus sylvestris,yes,yes
Lepyrodiclis holosteoides,yes,yes
Erica cinerea,yes,yes
Geranium lucidum,yes,yes
Brachypodium sylvaticum,yes,yes
Cruciata laevipes,yes,yes
Milium vernale,yes,yes
Cirsium japonicum,yes,yes
Limnobium laevigatum,yes,yes
Tribolium obliterum,yes,yes
Limnocharis flava,yes,yes
Prosopis elata,yes,yes
Prosopis rojasiana,yes,yes
Nechamandra alternifolia,yes,yes
Stratiotes aloides,yes,yes
Striga forbesii,yes,yes
Ophiuros exaltatus,yes,yes
Pontederia rotundifolia,yes,yes
Sagittaria trifolia,yes,yes
Rubus praecox,yes,yes
Typha laxmannii,yes,yes
Typha minima,yes,yes
Calophyllum brasiliense,yes,yes
Scaevola taccada,yes,yes
Hymenachne amplexicaulis,yes,yes
Picris hieracioides,yes,yes
Artemisia vulgaris,yes,yes
Asparagus densiflorus,yes,yes
Coccinia grandis,yes,yes
Mimosa pigra,yes,yes
Pithecellobium dulce,yes,yes
Malvaviscus penduliflorus,yes,yes
Oryza rufipogon,yes,yes
Sphagneticola trilobata,yes,yes
Tradescantia spathacea,yes,yes
Dioscorea alata,yes,yes
Vitex trifolia,yes,yes
Urena lobata,yes,yes
Melaleuca quinquenervia,yes,yes
Bambusa vulgaris,yes,yes
Ardisia crenata,yes,yes
Cestrum diurnum,yes,yes
Striga asiatica,yes,yes
Euphorbia terracina,yes,yes
Schinus molle,yes,yes
Cajanus cajan,yes,yes
Ehrharta calycina,yes,yes
Carpobrotus edulis,yes,yes
Paraserianthes lophantha,yes,yes
Glossostigma diandrum,yes,yes
Onopordum tauricum,yes,yes
Citrullus colocynthis,yes,yes
Ilex crenata,yes,yes
Carlina vulgaris,yes,yes
Populus tremula,yes,yes
Rhamnus utilis,yes,yes
Delairea odorata,yes,yes
Cotoneaster pannosus,yes,yes
Stipa brachychaeta,yes,yes
Acaena novae-zelandiae,yes,yes
Daphne laureola,yes,yes
Cuscuta reflexa,yes,yes
Centaurea virgata,yes,yes
Prosopis pallida,yes,yes
Digitaria abyssinica,yes,yes
Spermacoce alata,yes,yes
Ranunculus acris,yes,yes
Albizia lebbeck,yes,yes
Pennisetum purpureum,yes,yes
Citrus X aurantium,yes,yes
Cuscuta japonica,yes,yes
Ottelia alismoides,yes,yes
Schinus terebinthifolia,yes,yes
Urochloa panicoides,yes,yes
Quercus acutissima,yes,yes
Solanum torvum,yes,yes
Aegilops geniculata,yes,yes
Mesembryanthemum nodiflorum,yes,yes
Phoenix dactylifera,yes,yes
Acer palmatum,yes,yes
Arum italicum,yes,yes
Hirschfeldia incana,yes,yes
Lamium galeobdolon,yes,yes
Lythrum virgatum,yes,yes
Erechtites minima,yes,yes
Spartium junceum,yes,yes
Cotoneaster franchetii,yes,yes
Euphorbia oblongata,yes,yes
Vincetoxicum hirundinaria,yes,yes
Bromus diandrus,yes,yes
Hydrocharis morsus-ranae,yes,yes
Prunus laurocerasus,yes,yes
Rubus vestitus,yes,yes
Melastoma malabathricum,yes,yes
Carthamus oxyacanthus,yes,yes
Mikania cordata,yes,yes
Mikania micrantha,yes,yes
Oryza punctata,yes,yes
Saccharum spontaneum,yes,yes
Rubus cochinchinensis,yes,yes
Lycium ferocissimum,yes,yes
Bauhinia variegata,yes,yes
Paederia foetida,yes,yes
Cestrum nocturnum,yes,yes
Nothoscordum gracile,yes,yes
Dioscorea bulbifera,yes,yes
Abrus precatorius,yes,yes
Leucaena leucocephala,yes,yes
Commelina benghalensis,yes,yes
Anredera cordifolia,yes,yes
Aegilops triuncialis,yes,yes
Scolymus hispanicus,yes,yes
Phellodendron amurense,yes,yes
Bryonia alba,yes,yes
Lonicera etrusca,yes,yes
Genista monspessulana,yes,yes
Rorippa amphibia,yes,yes
Clematis vitalba,yes,yes
Corylus avellana,yes,yes
Lonicera periclymenum,yes,yes
Senna pendula,yes,yes
Tamarix africana,yes,yes
Dolichandra unguis-cati,yes,yes
Vernicia fordii,yes,yes
Liriope spicata,yes,yes
Brassica tournefortii,yes,yes
Mosla dianthera,yes,yes
Callicarpa dichotoma,yes,yes
Punica granatum,yes,yes
Schismus arabicus,yes,yes
Tamarix aphylla,yes,yes
Lonicera standishii,yes,yes
Centranthus ruber,yes,yes
Scabiosa atropurpurea,yes,yes
Viburnum plicatum,yes,yes
Acer campestre,yes,yes
Centaurea iberica,yes,yes
Crupina vulgaris,yes,yes
Avena sterilis,yes,yes
Lonicera caprifolium,yes,yes
Ilex aquifolium,yes,yes
Glyceria maxima,yes,yes
Senecio squalidus,yes,yes
Sagittaria sagittifolia,yes,yes
Crassula helmsii,yes,yes
Clerodendrum indicum,yes,yes
Ludwigia peruviana,yes,yes
Lantana montevidensis,yes,yes
Mahonia bealei,yes,yes
Tradescantia fluminensis,yes,yes
Ligustrum quihoui,yes,yes
Eragrostis lehmanniana,yes,yes
Schismus barbatus,yes,yes
Brachiaria mutica,yes,yes
Viburnum dilatatum,yes,yes
Salvia aethiopis,yes,yes
Coincya monensis,yes,yes
Clematis orientalis,yes,yes
Carduus tenuiflorus,yes,yes
Salix babylonica,yes,yes
Leontodon hirtus,yes,yes
Geranium thunbergii,yes,yes
Viburnum sieboldii,yes,yes
Echium plantagineum,yes,yes
Monochoria hastata,yes,yes
Panicum maximum,yes,yes
Clerodendrum bungei,yes,yes
Catharanthus roseus,yes,yes
Pennisetum setaceum,yes,yes
Salsola paulsenii,yes,yes
Cyperus amuricus,yes,yes
Carex kobomugi,yes,yes
Halimodendron halodendron,yes,yes
Euphorbia myrsinites,yes,yes
Aralia elata,yes,yes
Atriplex semibaccata,yes,yes
Mentha pulegium,yes,yes
Ammophila arenaria,yes,yes
Centaurea macrocephala,yes,yes
Nassella trichotoma,yes,yes
Ruellia simplex,yes,yes
Cinnamomum camphora,yes,yes
Alternanthera sessilis,yes,yes
Rottboellia cochinchinensis,yes,yes
Caesalpinia gilliesii,yes,yes
Imperata cylindrica,yes,yes
Tamarix gallica,yes,yes
Spiraea thunbergii,yes,yes
Carduus pycnocephalus,yes,yes
Peganum harmala,yes,yes
Laphangium luteoalbum,yes,yes
Trapa natans,yes,yes
Erica tetralix,yes,yes
Malus floribunda,yes,yes
Parentucellia viscosa,yes,yes
Carthamus lanatus,yes,yes
Heracleum mantegazzianum,yes,yes
Prunus padus,yes,yes
Panicum repens,yes,yes
Phyllanthus tenellus,yes,yes
Triadica sebifera,yes,yes
Buddleja lindleyana,yes,yes
Colocasia esculenta,yes,yes
Nandina domestica,yes,yes
Ligustrum lucidum,yes,yes
Solanum viarum,yes,yes
Melinis repens,yes,yes
Cenchrus ciliaris,yes,yes
Alhagi maurorum,yes,yes
Taeniatherum caput-medusae,yes,yes
Ulex europaeus,yes,yes
Nerium oleander,yes,yes
Exochorda racemosa,yes,yes
Zygophyllum fabago,yes,yes
Setaria pumila,yes,yes
Lagarosiphon major,yes,yes
Sesbania punicea,yes,yes
Lantana camara,yes,yes
Nicotiana glauca,yes,yes
Cortaderia selloana,yes,yes
Pseudosasa japonica,yes,yes
Galega officinalis,yes,yes
Polygonum perfoliatum,yes,yes
Veronica biloba,yes,yes
Vincetoxicum rossicum,yes,yes
Aeschynomene indica,yes,yes
Phyllanthus urinaria,yes,yes
Rosa bracteata,yes,yes
Oryza sativa,yes,yes
Tagetes minuta,yes,yes
Rhamnus davurica,yes,yes
Hydrangea paniculata,yes,yes
Lactuca muralis,yes,yes
Paspalum notatum,yes,yes
Firmiana simplex,yes,yes
Phyllostachys aurea,yes,yes
Lonicera fragrantissima,yes,yes
Orobanche minor,yes,yes
Pachysandra terminalis,yes,yes
Halogeton glomeratus,yes,yes
Cardamine impatiens,yes,yes
Salix caprea,yes,yes
Vitis vinifera,yes,yes
Holcus mollis,yes,yes
Daphne mezereum,yes,yes
Sisymbrium orientale,yes,yes
Nardus stricta,yes,yes
Alternanthera philoxeroides,yes,yes
Youngia japonica,yes,yes
Lagerstroemia indica,yes,yes
Sisymbrium irio,yes,yes
Deutzia scabra,yes,yes
Kerria japonica,yes,yes
Prunus cerasifera,yes,yes
Sphaerophysa salsula,yes,yes
Miscanthus sacchariflorus,yes,yes
Centaurea stoebe,yes,yes
Pyrus calleryana,yes,yes
Bothriochloa ischaemum,yes,yes
Pistia stratiotes,yes,yes
Murdannia keisak,yes,yes
Ulmus parvifolia,yes,yes
Polypogon viridis,yes,yes
Parthenocissus tricuspidata,yes,yes
Bromus rubens,yes,yes
Colutea arborescens,yes,yes
Salvia sclarea,yes,yes
Malcolmia africana,yes,yes
Malus prunifolia,yes,yes
Impatiens glandulifera,yes,yes
Phalaris minor,yes,yes
Paspalum scrobiculatum,yes,yes
Erigeron bonariensis,yes,yes
Soliva sessilis,yes,yes
Centaurea melitensis,yes,yes
Centaurea calcitrapa,yes,yes
Glaucium flavum,yes,yes
Oenothera glazioviana,yes,yes
Veronica beccabunga,yes,yes
Genista tinctoria,yes,yes
Elsholtzia ciliata,yes,yes
Hydrilla verticillata,yes,yes
Koelreuteria paniculata,yes,yes
Ficus carica,yes,yes
Ornithogalum nutans,yes,yes
Rapistrum rugosum,yes,yes
Ulmus minor,yes,yes
Chondrilla juncea,yes,yes
Anchusa azurea,yes,yes
Prunus spinosa,yes,yes
Tamarix chinensis,yes,yes
Lepidium coronopus,yes,yes
Malus baccata,yes,yes
Acer pseudoplatanus,yes,yes
Rosa majalis,yes,yes
Calluna vulgaris,yes,yes
Melia azedarach,yes,yes
Fatoua villosa,yes,yes
Verbena bonariensis,yes,yes
Eichhornia crassipes,yes,yes
Rubus bifrons,yes,yes
Rhodotypos scandens,yes,yes
Ampelopsis glandulosa,yes,yes
Ligustrum ovalifolium,yes,yes
Buddleja davidii,yes,yes
Silene flos-cuculi,yes,yes
Salix viminalis,yes,yes
Vitex agnus-castus,yes,yes
Ligustrum sinense,yes,yes
Spiraea prunifolia,yes,yes
Pyracantha coccinea,yes,yes
Alnus glutinosa,yes,yes
Acer tataricum,yes,yes
Isatis tinctoria,yes,yes
Rorippa austriaca,yes,yes
Viburnum lantana,yes,yes
Jacobaea vulgaris,yes,yes
Bromus inermis,yes,yes
Cyperus iria,yes,yes
Wisteria floribunda,yes,yes
Parthenium hysterophorus,yes,yes
Akebia quinata,yes,yes
Lespedeza thunbergii,yes,yes
Dipsacus laciniatus,yes,yes
Spiraea japonica,yes,yes
Tamarix ramosissima,yes,yes
Digitalis lanata,yes,yes
Euonymus europaeus,yes,yes
Rosa spinosissima,yes,yes
Reseda alba,yes,yes
Euonymus fortunei,yes,yes
Torilis japonica,yes,yes
Bassia hyssopifolia,yes,yes
Filipendula ulmaria,yes,yes
Symphytum asperum,yes,yes
Cyperus rotundus,yes,yes
Rubus ulmifolius,yes,yes
Rubus phoenicolasius,yes,yes
Anchusa officinalis,yes,yes
Apera interrupta,yes,yes
Elymus elongatus,yes,yes
Lactuca sativa,yes,yes
Aesculus hippocastanum,yes,yes
Lonicera xylosteum,yes,yes
Butomus umbellatus,yes,yes
Paspalum dilatatum,yes,yes
Microstegium vimineum,yes,yes
Dactyloctenium aegyptium,yes,yes
Cardiospermum halicacabum,yes,yes
Wisteria sinensis,yes,yes
Salix cinerea,yes,yes
Engelhardtia spicata,yes,yes
Vinca major,yes,yes
Cynosurus echinatus,yes,yes
Geranium columbinum,yes,yes
Vincetoxicum nigrum,yes,yes
Ficaria verna,yes,yes
Carduus crispus,yes,yes
Elymus hispidus,yes,yes
Arundo donax,yes,yes
Dioscorea oppositifolia,yes,yes
Hibiscus syriacus,yes,yes
Najas minor,yes,yes
Ligustrum obtusifolium,yes,yes
Nymphoides peltata,yes,yes
Alopecurus myosuroides,yes,yes
Salsola collina,yes,yes
Rosa micrantha,yes,yes
Betula pendula,yes,yes
Rosa gallica,yes,yes
Ceratocephala testiculata,yes,yes
Epilobium hirsutum,yes,yes
Arthraxon hispidus,yes,yes
Paulownia tomentosa,yes,yes
Lespedeza bicolor,yes,yes
Muscari neglectum,yes,yes
Miscanthus sinensis,yes,yes
Lonicera maackii,yes,yes
Celastrus orbiculatus,yes,yes
Malva parviflora,yes,yes
Lamium maculatum,yes,yes
Rosa rugosa,yes,yes
Sorbaria sorbifolia,yes,yes
Kummerowia striata,yes,yes
Broussonetia papyrifera,yes,yes
Echinochloa colona,yes,yes
Myriophyllum aquaticum,yes,yes
Apium graveolens,yes,yes
Stellaria aquatica,yes,yes
Cytisus scoparius,yes,yes
Hemerocallis lilioasphodelus,yes,yes
Artemisia stelleriana,yes,yes
Digitalis purpurea,yes,yes
Anthriscus sylvestris,yes,yes
Taraxacum campylodes,yes,yes
Albizia julibrissin,yes,yes
Kummerowia stipulacea,yes,yes
Torilis arvensis,yes,yes
Hedera helix,yes,yes
Hordeum murinum,yes,yes
Frangula alnus,yes,yes
Prunus domestica,yes,yes
Lysimachia vulgaris,yes,yes
Bromus briziformis,yes,yes
Caragana arborescens,yes,yes
Cucumis melo,yes,yes
Pueraria montana,yes,yes
Veronica hederifolia,yes,yes
Cuscuta epithymum,yes,yes
Centaurea nigrescens,yes,yes
Pilosella officinarum,yes,yes
Tussilago farfara,yes,yes
Valeriana officinalis,yes,yes
Centaurea diffusa,yes,yes
Crataegus monogyna,yes,yes
Myosotis sylvatica,yes,yes
Eragrostis curvula,yes,yes
Prunus mahaleb,yes,yes
Tamarix parviflora,yes,yes
Salix purpurea,yes,yes
Festuca filiformis,yes,yes
Pilosella piloselloides,yes,yes
Nasturtium microphyllum,yes,yes
Lespedeza juncea,yes,yes
Elaeagnus umbellata,yes,yes
Lunaria annua,yes,yes
Acer platanoides,yes,yes
Silybum marianum,yes,yes
Centaurea jacea,yes,yes
Ribes rubrum,yes,yes
Veronica serpyllifolia,yes,yes
Perilla frutescens,yes,yes
Clematis terniflora,yes,yes
Bromus catharticus,yes,yes
Rhaponticum repens,yes,yes
Prunus avium,yes,yes
Centaurea nigra,yes,yes
Anchusa arvensis,yes,yes
Reynoutria sachalinensis,yes,yes
Egeria densa,yes,yes
Aegilops cylindrica,yes,yes
Chorispora tenella,yes,yes
Prunus cerasus,yes,yes
Rosa canina,yes,yes
Bromus sterilis,yes,yes
Humulus scandens,yes,yes
Ajuga reptans,yes,yes
Epipactis helleborine,yes,yes
Pilosella caespitosa,yes,yes
Hyoscyamus niger,yes,yes
Melilotus indicus,yes,yes
Geranium robertianum,yes,yes
Aira caryophyllea,yes,yes
Ligustrum vulgare,yes,yes
Inula helenium,yes,yes
Syringa vulgaris,yes,yes
Agropyron cristatum,yes,yes
Eclipta prostrata,yes,yes
Ranunculus bulbosus,yes,yes
Berberis thunbergii,yes,yes
Melissa officinalis,yes,yes
Gypsophila paniculata,yes,yes
Viburnum opulus,yes,yes
Prunus persica,yes,yes
Amaranthus spinosus,yes,yes
Carduus acanthoides,yes,yes
Convallaria majalis,yes,yes
Crepis tectorum,yes,yes
Polygonum posumbu,yes,yes
Lonicera japonica,yes,yes
Ipomoea nil,yes,yes
Setaria faberi,yes,yes
Foeniculum vulgare,yes,yes
Alliaria petiolata,yes,yes
Aegopodium podagraria,yes,yes
Berberis vulgaris,yes,yes
Carduus nutans,yes,yes
Chelidonium majus,yes,yes
Sorbus aucuparia,yes,yes
Galeopsis tetrahit,yes,yes
Allium vineale,yes,yes
Galium mollugo,yes,yes
Salix pentandra,yes,yes
Tripleurospermum inodorum,yes,yes
Tribulus terrestris,yes,yes
Pyrus communis,yes,yes
Persicaria orientalis,yes,yes
Nicandra physalodes,yes,yes
Rhamnus cathartica,yes,yes
Linaria dalmatica,yes,yes
Arctium lappa,yes,yes
Medicago polymorpha,yes,yes
Commelina communis,yes,yes
Galinsoga parviflora,yes,yes
Erophila verna,yes,yes
Artemisia absinthium,yes,yes
Cynodon dactylon,yes,yes
Vinca minor,yes,yes
Elaeagnus angustifolia,yes,yes
Myriophyllum spicatum,yes,yes
Trifolium aureum,yes,yes
Ailanthus altissima,yes,yes
Onopordum acanthium,yes,yes
Pilosella aurantiaca,yes,yes
Dipsacus fullonum,yes,yes
Hemerocallis fulva,yes,yes
Rosa multiflora,yes,yes
Lysimachia nummularia,yes,yes
Lepidium perfoliatum,yes,yes
Galium verum,yes,yes
Papaver somniferum,yes,yes
Carum carvi,yes,yes
Vulpia myuros,yes,yes
Anthoxanthum odoratum,yes,yes
Agrostis capillaris,yes,yes
Ipomoea purpurea,yes,yes
Centaurea solstitialis,yes,yes
Lepidium draba,yes,yes
Trifolium dubium,yes,yes
Anthemis arvensis,yes,yes
Lonicera tatarica,yes,yes
Euphorbia esula,yes,yes
Lapsana communis,yes,yes
Eleusine indica,yes,yes
Dysphania ambrosioides,yes,yes
Chenopodium murale,yes,yes
Ornithogalum umbellatum,yes,yes
Alcea rosea,yes,yes
Tragopogon pratensis,yes,yes
Berteroa incana,yes,yes
Sorghum halepense,yes,yes
Sorghum bicolor,yes,yes
Rosa rubiginosa,yes,yes
Malus pumila,yes,yes
Campanula rapunculoides,yes,yes
Morus alba,yes,yes
Ulmus pumila,yes,yes
Iris pseudacorus,yes,yes
Tragopogon porrifolius,yes,yes
Salix alba,yes,yes
Hypochaeris radicata,yes,yes
Lamium purpureum,yes,yes
Polypogon monspeliensis,yes,yes
Solanum physalifolium,yes,yes
Lathyrus latifolius,yes,yes
Hypericum perforatum,yes,yes
Euphorbia cyparissias,yes,yes
Galinsoga quadriradiata,yes,yes
Solanum dulcamara,yes,yes
Marrubium vulgare,yes,yes
Trifolium campestre,yes,yes
Rorippa sylvestris,yes,yes
Myosotis scorpioides,yes,yes
Vicia cracca,yes,yes
Brassica nigra,yes,yes
Bassia scoparia,yes,yes
Holcus lanatus,yes,yes
Arrhenatherum elatius,yes,yes
Veronica anagallis-aquatica,yes,yes
Lolium temulentum,yes,yes
Hesperis matronalis,yes,yes
Populus nigra,yes,yes
Hibiscus trionum,yes,yes
Dianthus armeria,yes,yes
Cynoglossum officinale,yes,yes
Lotus corniculatus,yes,yes
Panicum miliaceum,yes,yes
Lythrum salicaria,yes,yes
Echium vulgare,yes,yes
Nasturtium officinale,yes,yes
Potamogeton crispus,yes,yes
Cannabis sativa,yes,yes
Securigera varia,yes,yes
Silene latifolia,yes,yes
Ranunculus repens,yes,yes
Silene vulgaris,yes,yes
Rubus idaeus,yes,yes
Bromus japonicus,yes,yes
Populus alba,yes,yes
Conium maculatum,yes,yes
Anagallis arvensis,yes,yes
Bromus commutatus,yes,yes
Tragopogon dubius,yes,yes
Sonchus arvensis,yes,yes
Cyperus esculentus,yes,yes
Eragrostis cilianensis,yes,yes
Datura stramonium,yes,yes
Digitaria sanguinalis,yes,yes
Leonurus cardiaca,yes,yes
Potentilla recta,yes,yes
Agrostemma githago,yes,yes
Avena fatua,yes,yes
Pennisetum glaucum,yes,yes
Echinochloa crus-galli,yes,yes
Arctium minus,yes,yes
Camelina microcarpa,yes,yes
Malva neglecta,yes,yes
Vicia villosa,yes,yes
Tanacetum vulgare,yes,yes
Cirsium arvense,yes,yes
Daucus carota,yes,yes
Abutilon theophrasti,yes,yes
Lactuca serriola,yes,yes
Convolvulus arvensis,yes,yes
Mentha spicata,yes,yes
Glechoma hederacea,yes,yes
Erodium cicutarium,yes,yes
Taraxacum erythrospermum,yes,yes
Pastinaca sativa,yes,yes
Barbarea vulgaris,yes,yes
Saponaria officinalis,yes,yes
Asparagus officinalis,yes,yes
Portulaca oleracea,yes,yes
Cyanus segetum,yes,yes
Nepeta cataria,yes,yes
Bromus secalinus,yes,yes
Veronica arvensis,yes,yes
Triticum aestivum,yes,yes
Elymus repens,yes,yes
Cichorium intybus,yes,yes
Salsola kali,yes,yes
Setaria viridis,yes,yes
Raphanus raphanistrum,yes,yes
Vicia sativa,yes,yes
Anthemis cotula,yes,yes
Brassica juncea,yes,yes
Medicago lupulina,yes,yes
Plantago lanceolata,yes,yes
Dactylis glomerata,yes,yes
Bromus tectorum,yes,yes
Sonchus asper,yes,yes
Phalaris canariensis,yes,yes
Descurainia sophia,yes,yes
Agrostis gigantea,yes,yes
Hordeum vulgare,yes,yes
Secale cereale,yes,yes
Matricaria discoidea,yes,yes
Lamium amplexicaule,yes,yes
Cirsium vulgare,yes,yes
Sonchus oleraceus,yes,yes
Medicago sativa,yes,yes
Agrostis stolonifera,yes,yes
Sisymbrium altissimum,yes,yes
Cerastium fontanum,yes,yes
Persicaria maculosa,yes,yes
Linaria vulgaris,yes,yes
Lolium perenne,yes,yes
Trifolium hybridum,yes,yes
Sinapis arvensis,yes,yes
Leucanthemum vulgare,yes,yes
Brassica rapa,yes,yes
Phleum pratense,yes,yes
Trifolium pratense,yes,yes
Fallopia convolvulus,yes,yes
Trifolium repens,yes,yes
Stellaria media,yes,yes
Melilotus officinalis,yes,yes
Thlaspi arvense,yes,yes
Plantago major,yes,yes
Persicaria lapathifolia,yes,yes
Capsella bursa-pastoris,yes,yes
Carthamus baeticus,yes,yes
Centaurea X moncktonii,yes,yes
Prosopis kuntzei,yes,yes
Homeria tricolor,yes,yes
Moraea britteniae,yes,yes
Moraea marlothii,yes,yes
Moraea serratostyla,yes,yes
Aeginetia mirabilis,yes,yes
Aeginetia pedunculata,yes,yes
Aeginetia sessilis,yes,yes
Alectra atrosanguinea,yes,yes
Alectra bainesii,yes,yes
Alectra basserei,yes,yes
Alectra basutica,yes,yes
Alectra congolensis,yes,yes
Alectra dolichocalyx,yes,yes
Alectra dunensis,yes,yes
Alectra glandulosa,yes,yes
Alectra gracilis,yes,yes
Alectra hildebrandtii,yes,yes
Alectra hundtii,yes,yes
Alectra ibityensis,yes,yes
Alectra lancifolia,yes,yes
Alectra ledermannii,yes,yes
Alectra linearis,yes,yes
Alectra lurida,yes,yes
Alectra moeroensis,yes,yes
Alectra natalensis,yes,yes
Alectra parasitica,yes,yes
Alectra picta,yes,yes
Alectra pseudobarleriae,yes,yes
Alectra pubescens,yes,yes
Alectra schliebenii,yes,yes
Alectra schoenfelderi,yes,yes
Alectra thyrsoidea,yes,yes
Alectra trinervis,yes,yes
Alectra virgata,yes,yes
Melasma asperrimum,yes,yes
Orobanche aegyptiaca,yes,yes
Orobanche amethystea,yes,yes
Orobanche crenata,yes,yes
Orobanche lavandulacea,yes,yes
Orobanche mutelii,yes,yes
Orobanche variegata,yes,yes
Striga aequinoctialis,yes,yes
Striga angolensis,yes,yes
Striga aspera,yes,yes
Striga brachycalyx,yes,yes
Striga chrysantha,yes,yes
Striga curviflora,yes,yes
Striga dalzielii,yes,yes
Striga elegans,yes,yes
Striga ellenbergeri,yes,yes
Striga gastonii,yes,yes
Striga glumacea,yes,yes
Striga gracilhma,yes,yes
Striga hallei,yes,yes
Striga hirsuta,yes,yes
Striga junodii,yes,yes
Striga klingii,yes,yes
Striga latericea,yes,yes
Striga lepidagathidis,yes,yes
Striga macrantha,yes,yes
Striga multiflora,yes,yes
Striga parviflora,yes,yes
Striga passargei,yes,yes
Striga pinnatifida,yes,yes
Striga primuloides,yes,yes
Striga pubiflora,yes,yes
Striga squamigera,yes,yes
Striga sulphurea,yes,yes
Striga yemenica,yes,yes
Rubus armeniacus,yes,yes
Cotoneaster lacteus,yes,yes
Acaena pallida,yes,yes
Solanum cardiophyllum,yes,yes
Hibiscus tilliaceus,yes,yes
Jasminum dichotomum,yes,yes
Jasminum sambac,yes,yes
Pyracantha angustifolia,yes,yes
Prosopis farcta,yes,yes
Striga gesnerioides,yes,yes
Limnophila indica,yes,yes
Spergula morisonii,yes,yes
Eucalyptus polyanthemos,yes,yes
Prosopis strombulifera,yes,yes
Rhamnus arguta,yes,yes
Rhamnus japonica,yes,yes
Eucalyptus tereticornis,yes,yes
Cortaderia jubata,yes,yes
Spartina densiflora,yes,yes
Myoporum laetum,yes,yes
Salsola vermiculata,yes,yes
Allium paniculatum,yes,yes
Acacia paradoxa,yes,yes
Emex australis,yes,yes
Rubus macrophyllus,yes,yes
Sorghum X drummondii,yes,yes
Ononis alopecuroides,yes,yes
Cuscuta africana,yes,yes
Ipomoea fistulosa,yes,yes
Prosopis alpataco,yes,yes
Prosopis argentina,yes,yes
Prosopis articulata,yes,yes
Prosopis burkartii,yes,yes
Prosopis caldenia,yes,yes
Prosopis calingastana,yes,yes
Prosopis campestris,yes,yes
Prosopis castellanosii,yes,yes
Prosopis denudans,yes,yes
Prosopis ferox,yes,yes
Prosopis fiebrigii,yes,yes
Prosopis hassleri,yes,yes
Prosopis humilis,yes,yes
Prosopis palmeri,yes,yes
Prosopis ruizlealii,yes,yes
Prosopis ruscifolia,yes,yes
Prosopis sericantha,yes,yes
Prosopis torquata,yes,yes
Orobanche flava,yes,yes
Orobanche lucorum,yes,yes
Orobanche salviae,yes,yes
Striga angustifolia,yes,yes
Striga densiflora,yes,yes
Striga hermonthica,yes,yes
Striga masuria,yes,yes
Vossia cuspidata,yes,yes
Pilosella glomerata,yes,yes
Euphorbia X pseudovirgata,yes,yes
Solanum sarrachoides,yes,yes
Typha lugdunensis,yes,yes
Pavonia hastata,yes,yes
Citrus sinensis,yes,yes
Miscanthus floridulus,yes,yes
Acacia retinodes,yes,yes
Spartina anglica,yes,yes
Cytisus striatus,yes,yes
Ipomoea muricata,yes,yes
Sapium sebiferum,yes,yes
Mimosa diplotricha,yes,yes
Aeginetia indica,yes,yes
Aeginetia sinensis,yes,yes
Eriochloa fatmensis,yes,yes
Limnophila sessiliflora,yes,yes
Hygrophila polysperma,yes,yes
Asphodelus fistulosus,yes,yes
Ipomoea triloba,yes,yes
Phellodendron japonicum,yes,yes
Corispermum nitidum,yes,yes
Cerastium biebersteinii,yes,yes
Opuntia aurantiaca,yes,yes
Mimosa invisa,yes,yes
Ludwigia hexapetala,yes,yes
Chrysopogon aciculatus,yes,yes
Leptochloa chinensis,yes,yes
Pennisetum polystachion,yes,yes
Rubus moluccanus,yes,yes
Centaurea thuillieri,yes,yes
Rosa X damascena,yes,yes
Imperata brasiliensis,yes,yes
Emex spinosa,yes,yes
Cyanus triumfettii,yes,yes
Linaria genistifolia,yes,yes
Persicaria wallichii,yes,yes
Drymaria arenarioides,yes,yes
Alhagi pseudalhagi,yes,yes
Orobanche ramosa,yes,yes
Panicum antidotale,yes,yes
Cleome viscosa,yes,yes
Sorghum X almum,yes,yes
Glaucium corniculatum,yes,yes
Thymelaea passerina,yes,yes
Phalaris aquatica,yes,yes
Ligustrum japonicum,yes,yes
Elaeagnus pungens,yes,yes
Elaeagnus multiflora,yes,yes
Luzula luzuloides,yes,yes
Rubus illecebrosus,yes,yes
Quercus robur,yes,yes
Saccharum ravennae,yes,yes
Catalpa ovata,yes,yes
Cuscuta approximata,yes,yes
Polygonum argyrocoleon,yes,yes
Rosa luciae,yes,yes
Callitriche stagnalis,yes,yes
Kyllinga gracillima,yes,yes
Citrus trifoliata,yes,yes
Gypsophila scorzonerifolia,yes,yes
Rumex stenophyllus,yes,yes
Lepidium appelianum,yes,yes
Salvia pratensis,yes,yes
Salix X pendulina,yes,yes
Lepidium latifolium,yes,yes
Hieracium X floribundum,yes,yes
Lonicera X bella,yes,yes
Rubus laciniatus,yes,yes
Muscari botryoides,yes,yes
Duchesnea indica,yes,yes
Populus X canescens,yes,yes
Salix X salamonii,yes,yes
Poa bulbosa,yes,yes
Xanthium spinosum,yes,yes
Salix X fragilis,yes,yes
Reynoutria japonica,yes,yes
Verbascum blattaria,yes,yes
Centaurea biebersteinii,yes,yes
Poa trivialis,yes,yes
Festuca arundinacea,yes,yes
Verbascum thapsus,yes,yes
Rumex crispus,yes,yes
Festuca pratensis,yes,yes
Poa compressa,yes,yes
Rumex acetosella,yes,yes
Poa annua,yes,yes
Alyssum montanum,yes,
Dianthus chinensis,yes,
Silene nocturna,yes,
Trifolium alexandrinum,yes,
Dactylorhiza fuchsii,yes,
Clematis integrifolia,yes,
Geranium homeanum,yes,
Hunnemannia fumariifolia,yes,
Rytidosperma semiannulare,yes,
Viburnum tinus,yes,
Galenia pubescens,yes,
Drosanthemum speciosum,yes,
Drosanthemum hispidum,yes,
Narcissus papyraceus,yes,
Lithraea molleoides,yes,
Chlorophytum capense,yes,
Kniphofia uvaria,yes,
Melampodium perfoliatum,yes,
Helichrysum petiolare,yes,
Crepis rubra,yes,
Argyranthemum frutescens,yes,
Arctotis fastuosa,yes,
Cirsium scabrum,yes,
Isocarpha oppositifolia,yes
Oncosiphon piluliferum,yes
Osteospermum fruticosum,yes
Volutaria muricata,yes
Wigandia urens,yes
Opuntia tomentosa,yes
Leycesteria formosa,yes
Silene pseudoatocion,yes
Cucumis dipsaceus,yes
Drosera capensis,yes
Escallonia rubra,yes
Euphorbia dendroides,yes
Croton argenteus,yes
Prosopis laevigata,yes
Coronilla valentina,yes
Acacia saligna,yes
Acacia podalyriifolia,yes
Aeschynomene evenia,yes
Otholobium fruticans,yes
Centaurium tenuiflorum,yes
Pelargonium inodorum,yes
Pelargonium capitatum,yes
Geranium solanderi,yes
Gonocarpus chinensis,yes
Philadelphus cordifolius,yes
Iris foetidissima,yes
Teucrium fruticans,yes
Phlomis fruticosa,yes
Leonotis leonurus,yes
Cedronella canariensis,yes
Linum trigynum,yes
Ficus palmata,yes
Eucalyptus torquata,yes
Fuchsia paniculata,yes
Fuchsia magellanica,yes
Fuchsia boliviana,yes
Passiflora manicata,yes
Urochloa mosambicensis,yes
Triraphis mollis,yes
Tribolium purpureum,yes
Hordeum bulbosum,yes
Gaudinia fragilis,yes
Cutandia memphitica,yes
Brachiaria brizantha,yes
Ampelodesmos mauritanicus,yes
Acrachne racemosa,yes
Cynodon nlemfuensis,yes
Posidonia oceanica,yes
Sageretia thea,yes,
Chaenomeles sinensis,yes,
Citrus japonica,yes,
Scrophularia peregrina,yes,
Asystasia gangetica,yes,
Thunbergia grandiflora,yes,
Hippeastrum puniceum,yes,
Epipremnum pinnatum,yes,
Agave sisalana,yes,
Cyanthillium cinereum,yes,
Pseudelephantopus spicatus,yes,
Synedrella nodiflora,yes,
Tithonia diversifolia,yes,
Bryophyllum pinnatum,yes,
Albizia saman,yes,
Desmodium triflorum,yes,
Plectranthus scutellarioides,yes,
Persea americana,yes,
Melinis minutiflora,yes,
Paspalum fimbriatum,yes,
Buddleja madagascariensis,yes,
Barleria lupulina,yes,
Hemigraphis alternata,yes,
Hygrophila corymbosa,yes,
Justicia brandegeeana,yes,
Ruellia ciliatiflora,yes,
Galenia secunda,yes,
Sesuvium crithmoides,yes,
Sagittaria guayanensis,yes,
Alstroemeria ligtu,yes,
Celosia trigyna,yes,
Alternanthera brasiliana,yes,
Amaranthus muricatus,yes
Narcissus bulbocodium,yes
Narcissus assoanus,yes
Leucojum vernum,yes
Habranthus robustus,yes
Hymenocallis littoralis,yes
Annona squamosa,yes
Tordylium apulum,yes
Oenanthe pimpinelloides,yes
Tabernaemontana divaricata,yes
Tabernaemontana alba,yes
Rauvolfia tetraphylla,yes
Ochrosia elliptica,yes
Cryptostegia madagascariensis,yes
Morrenia odorata,yes
Alocasia macrorrhizos,yes
Monstera deliciosa,yes
Syngonium angustatum,yes
Tetrapanax papyrifer,yes
Polyscias guilfoylei,yes
Hydrocotyle bowlesioides,yes
Washingtonia robusta,yes
Saribus rotundifolius,yes
Ptychosperma elegans,yes
Elaeis guineensis,yes
Dypsis lutescens,yes
Cocos nucifera,yes
Chamaedorea seifrizii,yes
Caryota urens,yes
Caryota mitis,yes
Aristolochia ringens,yes
Aristolochia maxima,yes
Aristolochia littoralis,yes
Aristolochia grandiflora,yes
Aristolochia labiata,yes
Sansevieria trifasciata,yes
Ophiopogon jaburan,yes
Albuca bracteata,yes
Dianella caerulea,yes
Scorzonera hispanica,yes
Scolymus maculatus,yes
Rhagadiolus stellatus,yes
Haplocarpha lyrata,yes
Emilia coccinea,yes
Blumea viscosa,yes
Centratherum punctatum,yes
Picris pauciflora,yes
Impatiens walleriana,yes
Berberis julianae,yes
Tecoma capensis,yes
Podranea ricasoliana,yes
Jacaranda mimosifolia,yes
Amphilophium crucigerum,yes
Pyrostegia venusta,yes
Cordia sebestena,yes
Cordia myxa,yes
Lepidium bonariense,yes
Billbergia pyramidalis,yes
Ananas comosus,yes
Dyckia brevifolia,yes
Pereskia grandifolia,yes
Epiphyllum phyllanthus,yes
Brasiliopuntia brasiliensis,yes
Hylocereus undatus,yes
Opuntia leucotricha,yes
Selenicereus pteranthus,yes
Hippobroma longiflora,yes
Paronychia echinulata,yes
Polycarpaea corymbosa,yes
Casuarina cunninghamiana,yes
Cleoserrata speciosa,yes
Cleome spinosa,yes
Cleome rutidosperma,yes
Cleome diffusa,yes
Gloriosa superba,yes
Terminalia muelleri,yes
Gibasis pellucida,yes
Poranopsis paniculata,yes
Evolvulus glomeratus,yes
Argyreia nervosa,yes
Jacquemontia agrestis,yes
Sedum lineare,yes
Kalanchoe gastonis-bonnieri,yes
Kalanchoe daigremontiana,yes
Bryophyllum fedtschenkoi,yes
Kalanchoe laciniata,yes
Sedum mexicanum,yes
Cyperus prolifer,yes
Cyperus alopecuroides,yes
Kyllinga squamulata,yes
Scleria lacustris,yes
Dioscorea sansibarensis,yes
Diospyros maritima,yes
Diospyros ebenum,yes
Elatine ambigua,yes
Jatropha integerrima,yes
Jatropha curcas,yes
Hura crepitans,yes
Euphorbia tirucalli,yes
Euphorbia milii,yes
Croton trinitatis,yes
Aleurites moluccanus,yes
Euphorbia graminea,yes
Euphorbia lactea,yes
Jatropha multifida,yes
Trifolium spumosum,yes
Tamarindus indica,yes
Sesbania grandiflora,yes
Senna artemisioides,yes
Peltophorum pterocarpum,yes
Peltophorum dubium,yes
Pachyrhizus erosus,yes
Lupinus luteus,yes
Lotus angustissimus,yes
Indigofera kirilowii,yes
Gliricidia sepium,yes
Delonix regia,yes
Crotalaria trichotoma,yes
Cassia javanica,yes
Cassia fistula,yes
Acacia sphaerocephala,yes
Aeschynomene histrix,yes
Bauhinia yunnanensis,yes
Cassia afrofistula,yes
Centrosema sagittatum,yes
Chamaecrista absus,yes
Crotalaria verrucosa,yes
Crotalaria virgulata,yes
Lonchocarpus punctatus,yes
Senna spectabilis,yes
Vigna hosei,yes
Quercus suber,yes
Castanea crenata,yes
Aucuba japonica,yes
Geranium potentilloides,yes
Gisekia pharnaceoides,yes
Gunnera tinctoria,yes
Haloragis erecta,yes
Heliconia rostrata,yes
Heliconia latispatha,yes
Deutzia crenata,yes
Deutzia parviflora,yes
Blyxa aubertii,yes
Trimezia martinicensis,yes
Iris sanguinea,yes
Freesia laxa,yes
Libertia chilensis,yes
Pterocarya stenoptera,yes
Volkameria glabra,yes
Callicarpa japonica,yes
Clerodendrum lindleyi,yes
Clerodendrum umbellatum,yes
Premna odorata,yes
Lilium regale,yes
Strychnos spinosa,yes
Malpighia emarginata,yes
Galphimia gracilis,yes
Hibiscus sabdariffa,yes
Hibiscus rosa-sinensis,yes
Hibiscus cannabinus,yes
Hibiscus acetosella,yes
Hibiscus radiatus,yes
Maranta arundinacea,yes
Cocculus laurifolius,yes
Nymphoides indica,yes
Ficus religiosa,yes
Ficus benjamina,yes
Ficus benghalensis,yes
Dorstenia contrajerva,yes
Brosimum alicastrum,yes
Moringa oleifera,yes
Muntingia calabura,yes
Luma apiculata,yes
Eucalyptus grandis,yes
Callistemon citrinus,yes
Melaleuca linariifolia,yes
Nymphaea capensis,yes
Noronhia emarginata,yes
Epidendrum radicans,yes
Bletilla striata,yes
Cyrtopodium flavum,yes
Fumaria occidentalis,yes
Passiflora coccinea,yes
Passiflora biflora,yes
Passiflora gracilis,yes
Passiflora morifolia,yes
Ceratotheca triloba,yes
Cleyera japonica,yes
Phyllanthus angustifolius,yes
Phyllanthus amarus,yes
Phyllanthus acidus,yes
Flueggea acidoton,yes
Piper auritum,yes
Pittosporum pentandrum,yes
Veronica speciosa,yes
Russelia equisetiformis,yes
Sasa palmata,yes
Paspalum malacophyllum,yes
Nassella neesiana,yes
Hyparrhenia rufa,yes
Fingerhuthia africana,yes
Eragrostis echinochloidea,yes
Eragrostis airoides,yes
Enneapogon cenchroides,yes
Eleusine coracana,yes
Cymbopogon citratus,yes
Chrysopogon zizanioides,yes
Chrysopogon fulvus,yes
Brachypodium phoenicoides,yes
Bambusa multiplex,yes
Brachiaria arrecta,yes
Dendrocalamus latiflorus,yes
Eragrostis plana,yes
Eragrostis tef,yes
Helictotrichon scabrivalve,yes
Opizia stolonifera,yes
Parapholis strigosa,yes
Paspalum coryphaeum,yes
Ardisia humilis,yes
Spiraea hypericifolia,yes
Morinda citrifolia,yes
Ixora coccinea,yes
Psychotria punctata,yes
Richardia grandiflora,yes
Murraya paniculata,yes
Glycosmis parviflora,yes
Citrus reticulata,yes
Citrus medica,yes
Populus davidiana,yes
Casearia nitida,yes
Harpullia arborea,yes
Pouteria dominigensis,yes
Houttuynia cordata,yes
Buddleja officinalis,yes
Solanum glaucophyllum,yes
Solanum donianum,yes
Solanum aviculare,yes
Cestrum fasciculatum,yes
Brugmansia suaveolens,yes
Edgeworthia tomentosa,yes
Petrea volubilis,yes,
Glandularia tweedieana,yes,
Zingiber zerumbet,yes,
Curcuma zedoaria,yes,
Alpinia zerumbet,yes,
Aristolochia erecta,yes,
Toona ciliata,yes,
Avicennia marina,yes,
Andrographis echioides,yes,
Viburnum buddleifolium,yes,
Patellifolia procumbens,yes,
Atriplex nummularia,yes,
Sternbergia lutea,yes,
Oenanthe aquatica,yes,
Caucalis platycarpos,yes,
Apium repens,yes,
Bifora testiculata,yes
Seseli libanotis,yes
Metaplexis japonica,yes
Zantedeschia albomaculata,yes
Ornithogalum pyrenaicum,yes
Reichardia picroides,yes
Pulicaria dysenterica,yes
Ligularia dentata,yes
Jacobaea aquatica,yes
Cyanus depressus,yes
Artemisia scoparia,yes
Artemisia gmelinii,yes
Arctotis stoechadifolia,yes
Anacyclus clavatus,yes
Crepis sprengeriana,yes
Gazania linearis,yes
Melampodium sericeum,yes
Echium italicum,yes
Heliotropium crispum,yes
Sisymbrium austriacum,yes
Moricandia arvensis,yes
Alyssum szovitsianum,yes
Canna paniculata,yes
Cephalaria syriaca,yes
Scabiosa stellata,yes
Moehringia trinervia,yes
Silene chlorantha,yes
Cistus salviifolius,yes
Convolvulus althaeoides,yes
Cotyledon orbiculata,yes
Aeonium haworthii,yes
Aeonium arboreum,yes
Ctenolepis cerasiformis,yes
Schoenoplectus lacustris,yes
Fimbristylis squarrosa,yes
Carex pendula,yes
Carex ferruginea,yes
Lipocarpha rehmannii,yes
Euphorbia paralias,yes
Euphorbia herniariifolia,yes
Vigna mungo,yes
Vicia monantha,yes
Trigonella foenum-graecum,yes
Trifolium scabrum,yes
Trifolium ambiguum,yes
Ornithopus pinnatus,yes
Ornithopus perpusillus,yes
Medicago scutellata,yes
Medicago littoralis,yes
Medicago hybrida,yes
Hippocrepis comosa,yes
Genista stenopetala,yes
Caesalpinia spinosa,yes
Acacia elata,yes
Indigofera trifoliata,yes
Lathyrus inconspicuus,yes
Pisum fulvum,yes
Senna italica,yes
Pelargonium X hortorum,yes
Geranium divaricatum,yes
Geranium versicolor,yes
Philadelphus tomentosus,yes
Iris aphylla,yes
Gladiolus tristis,yes
Salvia pallida,yes
Teucrium orientale,yes
Lilium candidum,yes
Lilium philippinense,yes
Grewia biloba,yes
Sida cordata,yes
Mollugo nudicaulis,yes
Mollugo flavescens,yes
Eucalyptus cladocalyx,yes
Corymbia citriodora,yes
Eucalyptus sideroxylon,yes
Fontanesia phillyreoides,yes
Hypecoum imberbe,yes
Hypecoum pendulum,yes
Roemeria refracta,yes
Limonium sinuatum,yes
Vulpia ciliata,yes
Hyparrhenia hirta,yes
Echinochloa esculenta,yes
Dasypyrum villosum,yes
Brachiaria villosa,yes
Apluda mutica,yes
Panicum paludosum,yes
Panicum sumatrense,yes
Consolida tenuissima,yes
Stephanandra incisa,yes
Rubus canescens,yes
Prunus subhirtella,yes
Cotoneaster divaricatus,yes
Galium rubioides,yes
Diodella radula,yes
Scrophularia canina,yes
Buddleja saligna,yes
Solanum peruvianum,yes
Salsola soda,yes
Allium triquetrum,yes
Zantedeschia aethiopica,yes
Phoenix canariensis,yes
Asparagus asparagoides,yes
Urospermum picroides,yes
Tolpis barbata,yes
Senecio elegans,yes
Erigeron karvinskianus,yes
Crepis bursifolia,yes
Echium candicans,yes
Brassica fruticulosa,yes
Velezia rigida,yes
Tuberaria guttata,yes
Lathyrus cicera,yes
Acacia verticillata,yes
Acacia decurrens,yes
Acacia dealbata,yes
Acacia baileyana,yes
Acacia cyclops,yes
Pelargonium zonale,yes
Pelargonium vitifolium,yes
Pelargonium quercifolium,yes
Pelargonium peltatum,yes
Pelargonium grossularioides,yes
Geranium retrorsum,yes
Geranium palmatum,yes
Erodium brachycarpum,yes
Pelargonium inquinans,yes
Malva multiflora,yes
Malva arborea,yes,
Leptospermum laevigatum,yes,
Eucalyptus pulverulenta,yes,
Pittosporum tenuifolium,yes,
Pittosporum crassifolium,yes,
Billardiera heterophylla,yes,
Ehrharta erecta,yes,
Echinochloa oryzoides,yes,
Muehlenbeckia complexa,yes,
Fallopia baldschuanica,yes,
Ranunculus bonariensis,yes,
Galium murale,yes,
Nicotiana sylvestris,yes,
Soleirolia soleirolii,yes,
Centella asiatica,yes,
Actinidia arguta,yes,
Viburnum setigerum,yes
Baldellia ranunculoides,yes
Selinum carvifolia,yes
Cnidium monnieri,yes
Apium prostratum,yes
Eryngium amethystinum,yes
Peucedanum palustre,yes
Torilis scabra,yes
Trachyspermum ammi,yes
Kalopanax septemlobus,yes
Hemerocallis minor,yes
Tragopogon floccosus,yes
Oncosiphon suffruticosum,yes
Crepis foetida,yes
Cirsium canum,yes
Centaurea aspera,yes
Calotis cuneifolia,yes
Achillea ageratum,yes
Lapsanastrum apogonoides,yes
Corylus heterophylla,yes
Heliotropium arborescens,yes
Anchusa capensis,yes
Pulmonaria saccharata,yes
Lepidium aucheri,yes
Erysimum perofskianum,yes
Aurinia petraea,yes
Erysimum odoratum,yes
Lepidium hirtum,yes
Campanula punctata,yes
Campanula bononiensis,yes
Campanula lanata,yes
Silene italica,yes
Illecebrum verticillatum,yes
Dianthus sylvestris,yes
Cornus kousa,yes
Sedum stoloniferum,yes
Sempervivum heuffelii,yes
Schoenoplectus triqueter,yes
Carex brunnea,yes
Vicia hybrida,yes
Trifolium purpureum,yes
Ornithopus compressus,yes
Medicago rigidula,yes
Medicago monantha,yes
Astragalus chinensis,yes
Trifolium dalmaticum,yes
Quercus cerris,yes
Erodium stephanianum,yes
Erodium laciniatum,yes
Erodium gruinum,yes
Ribes alpinum,yes
Hypericum humifusum,yes
Iris tectorum,yes
Iris laevigata,yes
Juncus subnodulosus,yes
Juncus maritimus,yes
Satureja montana,yes
Salvia glutinosa,yes
Salvia argentea,yes
Gagea villosa,yes
Gagea bohemica,yes
Linum austriacum,yes
Tilia tomentosa,yes
Forsythia ovata,yes
Epilobium obscurum,yes
Neottia ovata,yes
Gymnadenia conopsea,yes
Epipactis atrorubens,yes
Rhinanthus serotinus,yes
Euphrasia micrantha,yes
Odontites vulgaris,yes
Veronica campylopoda,yes
Eremopyrum bonaepartis,yes
Bromus danthoniae,yes
Aegilops crassa,yes
Leymus multicaulis,yes
Primula japonica,yes
Androsace maxima,yes
Primula anisodora,yes
Nigella sativa,yes
Helleborus niger,yes
Delphinium grandiflorum,yes
Clematis florida,yes
Adonis vernalis,yes
Spiraea trilobata,yes
Sorbaria kirilowii,yes
Prunus serrulata,yes
Potentilla alba,yes
Cotoneaster adpressus,yes
Cotoneaster rehderi,yes
Prunus fruticosa,yes
Galium verrucosum,yes
Galium album,yes
Saxifraga sibthorpii,yes
Scrophularia auriculata,yes
Salpiglossis sinuata,yes
Nicotiana suaveolens,yes
Styrax japonicus,yes
Verbena hispida,yes
Polycnemum verrucosum,yes
Polycnemum arvense,yes
Saussurea amara,yes
Trigonotis peduncularis,yes
Omphalodes verna,yes
Cerinthe major,yes
Sagina maritima,yes
Dianthus seguieri,yes
Euonymus nanus,yes
Carex hartmanii,yes
Trifolium pannonicum,yes
Trifolium ornithopodioides,yes
Melilotus elegans,yes
Ribes diacanthum,yes
Hypericum maculatum,yes
Juncus acutiflorus,yes
Lilium martagon,yes
Nymphaea alba,yes
Epilobium montanum,yes
Dactylorhiza praetermissa,yes
Fumaria bastardii,yes
Soldanella montana,yes
Primula vulgaris,yes
Trollius europaeus,yes
Anemone ranunculoides,yes
Aconitum lycoctonum,yes
Potentilla thuringiaca,yes
Potentilla sterilis,yes
Cotoneaster racemiflorus,yes
Cotoneaster bullatus,yes,
Saxifraga tridactylites,yes,
Saxifraga umbrosa,yes,
Nemesia strumosa,yes,
Scopolia carniolica,yes,
Clematis alpina,yes,
Rorippa islandica,yes,
Arabidopsis arenosa,yes,
Lamium confertum,yes,
Papaver gorodkovii,yes,
Potentilla fragiformis,yes,
Galium uliginosum,yes,
Saxifraga rosacea,yes,
Pluchea carolinensis,yes,
Bauhinia galpinii,yes,
Pennisetum nervosum,yes,
Stipa clandestina,yes,
Bryophyllum delagoense,yes,
Amaryllis belladonna,yes,
Dracunculus vulgaris,yes,
Asparagus setaceus,yes,
Aloe vera,yes,
Hypochaeris microcephala,yes,
Mantisalca salmantica,yes,
Pereskia aculeata,yes,
Canna glauca,yes,
Cyperus prolixus,yes,
Trifolium cernuum,yes,
Bituminaria bituminosa,yes,
Bauhinia purpurea,yes,
Bauhinia monandra,yes,
Acacia redolens,yes,
Sisyrinchium micranthum,yes
Brachychiton populneus,yes
Digitaria milanjiana,yes
Hovenia dulcis,yes
Triphasia trifolia,yes
Solanum mauritianum,yes
Cestrum parqui,yes
Lycianthes asarifolia,yes
Solanum diphyllum,yes
Aloysia citriodora,yes
Cayratia japonica,yes
Hemigraphis reptans,yes
Hydrocleys nymphoides,yes
Alstroemeria pulchella,yes
Atriplex lampa,yes
Crinum asiaticum,yes
Eryngium foetidum,yes
Eryngium divaricatum,yes
Trachelospermum jasminoides,yes
Ilex cornuta,yes
Caladium bicolor,yes
Tithonia rotundifolia,yes
Pentzia incana,yes
Dahlia pinnata,yes
Pluchea sagittalis,yes
Begonia cucullata,yes
Abelia X grandiflora,yes
Callisia fragrans,yes
Vigna angularis,yes
Lespedeza virgata,yes
Cullen americanum,yes
Sesbania virgata,yes
Iris xiphium,yes
Lilium formosanum,yes
Hibiscus mutabilis,yes
Nymphaea lotus,yes
Agdestis clematidea,yes
Dopatrium junceum,yes
Plumbago auriculata,yes
Setaria barbata,yes
Phyllostachys edulis,yes
Enteropogon prieurii,yes
Chloris elata,yes
Eragrostis gangetica,yes
Leptochloa decipiens,yes
Setaria megaphylla,yes
Rosa chinensis,yes
Pyracantha fortuneana,yes
Photinia serratifolia,yes,
Spermacoce dasycephala,yes,
Jaborosa integrifolia,yes,
Verbena montevidensis,yes,
Thunbergia alata,yes,
Trifolium polymorphum,yes,
Panicum coloratum,yes,
Clerodendrum japonicum,yes,
Lycoris squamigera,yes,
Lepidium africanum,yes,
Ipomoea amnicola,yes,
Luffa acutangula,yes,
Chrozophora tinctoria,yes,
Melilotus neapolitanus,yes,
Gladiolus communis,yes,
Pittosporum tobira,yes,
Veronica cymbalaria,yes,
Dinebra retroflexa,yes,
Chloris truncata,yes,
Alloteropsis cimicina,yes,
Digitaria longiflora,yes,
Lysimachia japonica,yes,
Rosa moschata,yes,
Buddleja alternifolia,yes,
Zelkova serrata,yes,
Persicaria capitata,yes,
Wolffia globosa,yes,
Lactuca virosa,yes,
Pulicaria arabica,yes,
Bellardia trixago,yes,
Aralia chinensis,yes,
Cleome ornithopodioides,yes,
Carex distans,yes
Euphorbia segetalis,yes
Croton bonplandianus,yes
Melilotus sulcatus,yes
Tephrosia purpurea,yes
Ajuga chamaepitys,yes
Corchorus tridens,yes
Polygonum plebeium,yes
Cotoneaster apiculatus,yes
Scrophularia umbrosa,yes
Pistacia atlantica,yes
Centaurea diluta,yes
Anagallis monelli,yes
Prunus dulcis,yes
Pentaglottis sempervirens,yes
Cuscuta europaea,yes
Iris spuria,yes,
Euchiton japonicus,yes,
Alisma lanceolatum,yes,
Cuminum cyminum,yes,
Filago pyramidata,yes,
Euchiton collinus,yes,
Carex pumila,yes,
Trifolium echinatum,yes,
Senna tora,yes,
Medicago praecox,yes,
Lupinus angustifolius,yes,
Lupinus albus,yes,
Fumaria capreolata,yes,
Veronica undulata,yes,
Elymus farctus,yes,
Bromus alopecuros,yes,
Brachypodium pinnatum,yes,
Elymus semicostatus,yes,
Sigesbeckia orientalis,yes,
Galanthus elwesii,yes,
Pimpinella major,yes,
Torilis leptophylla,yes,
Turgenia latifolia,yes,
Tripolium pannonicum,yes,
Centipeda minima,yes,
Nipponanthemum nipponicum,yes,
Carpinus betulus,yes,
Brassica elongata,yes,
Berteroa mutabilis,yes,
Weigela florida,yes,
Dianthus caryophyllus,yes,
Sagina subulata,yes,
Scirpoides holoschoenus,yes
Erica vagans,yes
Vicia peregrina,yes
Vicia narbonensis,yes
Ornithopus sativus,yes
Medicago turbinata,yes
Caragana aurantiaca,yes
Caragana frutex,yes
Frankenia pulverulenta,yes
Erodium cygnorum,yes
Erodium ciconium,yes
Origanum majorana,yes
Tulipa gesneriana,yes
Syringa josikaea,yes
Papaver glaucum,yes
Triticum spelta,yes
Rubus caesius,yes,
Photinia villosa,yes,
Browallia americana,yes,
Rytidosperma pilosum,yes,
Filago gallica,yes,
Spergularia bocconei,yes,
Crassula tillaea,yes,
Vicia benghalensis,yes,
Lathyrus angulatus,yes,
Crucianella angustifolia,yes,
Solanum furcatum,yes,
Xerochrysum bracteatum,yes,
Inula salicina,yes,
Achillea nobilis,yes,
Berberis darwinii,yes,
Pulmonaria officinalis,yes,
Echium creticum,yes
Arabis procurrens,yes
Cornus mas,yes
Euphorbia epithymoides,yes
Vicia parviflora,yes
Lathyrus nissolia,yes
Stachys officinalis,yes
Lavandula angustifolia,yes
Lallemantia peltata,yes
Salvia nutans,yes
Rhinanthus alectorolophus,yes
Pseudofumaria lutea,yes
Veronica spuria,yes
Triticum turgidum,yes
Elymus caninus,yes
Phleum paniculatum,yes
Thalictrum aquilegiifolium,yes
Potentilla collina,yes
Rosa villosa,yes
Thesium linophyllon,yes
Erysimum cheiri,yes
Bryonia cretica,yes
Rosa xanthina,yes
Geranium ibericum,yes
Doronicum pardalianches,yes
Campanula lactiflora,yes
Scabiosa ochroleuca,yes
Gypsophila repens,yes
Carex disticha,yes
Radiola linoides,yes
Euphrasia tetraquetra,yes
Veronica spicata,yes
Limonium vulgare,yes,
Eremopyrum orientale,yes,
Glyceria notata,yes,
Polygala vulgaris,yes,
Potentilla erecta,yes,
Cotoneaster horizontalis,yes,
Zostera japonica,yes,
Melilotus wolgicus,yes,
Aconitum variegatum,yes,
Cotoneaster niger,yes,
Geranium sylvaticum,yes,
Dianthus repens,yes,
Trifolium lupinaster,yes,
Ranunculus auricomus,yes,
Caesalpinia mexicana,yes,
Emilia fosbergii,yes,
Digitaria eriantha,yes,
Eriobotrya japonica,yes,
Ipomoea carnea,yes,
Cyperus papyrus,yes,
Dichanthium sericeum,yes,
Dichanthium aristatum,yes,
Hedychium coronarium,yes,
Hedera colchica,yes,
Flaveria bidentis,yes,
Valerianella dentata,yes,
Manihot grahamii,yes,
Macroptilium atropurpureum,yes,
Macroptilium gibbosifolium,yes,
Clinopodium gracile,yes,
Sida cordifolia,yes,
Zoysia matrella,yes,
Chloris canterae,yes
Ceratonia siliqua,yes
Euonymus japonicus,yes
Tradescantia zebrina,yes
Senna didymobotrya,yes
Lilium longiflorum,yes
Passiflora caerulea,yes
Panicum bisulcatum,yes
Lamarckia aurea,yes
Hemarthria altissima,yes
Themeda quadrivalvis,yes
Vicia lutea,yes
Vicia disperma,yes
Setaria sphacelata,yes
Mesembryanthemum crystallinum,yes
Dittrichia viscosa,yes
Calepina irregularis,yes
Aubrieta deltoidea,yes
Jasminum nudiflorum,yes
Rosa X odorata,yes
Hyoscyamus albus,yes
Achyranthes bidentata,yes
Cyperus serotinus,yes
Lespedeza davurica,yes
Glycyrrhiza glabra,yes
Hypericum calycinum,yes
Glyceria declinata,yes
Salvia tiliifolia,yes
Prunus glandulosa,yes
Centaurea cineraria,yes
Amaranthus tricolor,yes
Platycodon grandiflorus,yes
Ecballium elaterium,yes
Sonchus tenerrimus,yes
Viburnum rhytidophyllum,yes
Bifora radians,yes
Brunnera macrophylla,yes
Lappula marginata,yes
Nonea lutea,yes
Persicaria bungeana,yes
Malva nicaeensis,yes
Verbascum speciosum,yes
Schizanthus pinnatus,yes
Melica altissima,yes
Saxifraga stolonifera,yes
Centaurea phrygia,yes
Cornus sanguinea,yes
Carex muricata,yes
Lespedeza cyrtobotrya,yes
Paeonia officinalis,yes
Viola patrinii,yes
Erodium malacoides,yes
Betula platyphylla,yes
Symphytum tuberosum,yes
Campanula patula,yes
Sedum ochroleucum,yes
Crocus angustifolius,yes
Juglans ailanthifolia,yes
Phlomoides tuberosa,yes
Corydalis solida,yes
Clematis recta,yes
Spiraea chamaedryfolia,yes
Dictamnus albus,yes
Astilbe japonica,yes
Chaerophyllum temulum,yes
Hosta plantaginea,yes
Teucrium scorodonia,yes
Avena strigosa,yes
Sambucus ebulus,yes
Hyacinthoides hispanica,yes
Dimorphotheca sinuata,yes
Diplotaxis erucoides,yes
Petasites japonicus,yes
Inula britannica,yes
Achillea distans,yes
Centaurea paniculata,yes
Omphalodes linifolia,yes
Rorippa cantoniensis,yes
Carex sylvatica,yes
Lotus parviflorus,yes
Hypericum androsaemum,yes
Luzula campestris,yes
Nepeta grandiflora,yes
Syringa villosa,yes
Mibora minima,yes
Leymus angustus,yes
Clinopodium menthifolium,yes
Lilium bulbiferum,yes
Angelica sylvestris,yes
Polygonatum multiflorum,yes
Sedum hybridum,yes
Galeopsis speciosa,yes
Triticum durum,yes
Dysphania aristata,yes
Alisma plantago-aquatica,yes
Angelica archangelica,yes
Festuca valesiaca,yes,
Passiflora foetida,yes,
Abutilon grandifolium,yes,
Clitoria ternatea,yes,
Caesalpinia pulcherrima,yes,
Eustachys distichophylla,yes,
Manihot esculenta,yes,
Chloris barbata,yes,
Pistacia chinensis,yes,
Syringodium filiforme,yes,
Zeuxine strateumatica,yes,
Bacopa repens,yes,
Ranunculus marginatus,yes,
Cyperus pilosus,yes,
Macroptilium lathyroides,yes,
Erythrina crista-galli,yes,
Camellia sinensis,yes
Camellia sasanqua,yes
Camellia japonica,yes
Herbertia lahue,yes
Eragrostis superba,yes
Papaver hybridum,yes
Nicotiana plumbaginifolia,yes
Euonymus maackii,yes
Hainardia cylindrica,yes
Richardia humistrata,yes
Allium neapolitanum,yes
Hedypnois rhagadioloides,yes
Erigeron floribundus,yes
Trifolium glomeratum,yes
Apium nodiflorum,yes
Gladiolus italicus,yes
Agrostis avenacea,yes
Ottleya rigida,yes
Styphnolobium japonicum,yes
Pyrus pyrifolia,yes
Vicia articulata,yes
Dactyloctenium radulans,yes
Trifolium angustifolium,yes
Amaranthus crispus,yes
Trifolium squamosum,yes
Consolida pubescens,yes
Consolida orientalis,yes
Ixeris stolonifera,yes
Euonymus hamiltonianus,yes
Carex extensa,yes
Prunus triloba,yes
Dittrichia graveolens,yes
Bromus scoparius,yes
Medicago monspeliaca,yes
Castanea sativa,yes
Allium tuberosum,yes
Bupleurum odontites,yes
Tanacetum coccineum,yes
Scabiosa columbaria,yes
Cercidiphyllum japonicum,yes
Carex divulsa,yes
Thymus vulgaris,yes
Phleum subulatum,yes
Tropaeolum majus,yes
Valerianella carinata,yes
Weigela floribunda,yes
Phleum arenarium,yes
Sorbus hybrida,yes
Silene pendula,yes
Dianthus carthusianorum,yes
Myagrum perfoliatum,yes
Eryngium campestre,yes
Bromus ramosus,yes
Chenopodium ficifolium,yes
Eupatorium cannabinum,yes
Paeonia lactiflora,yes
Linum bienne,yes
Lathyrus sphaericus,yes
Lythrum portula,yes
Clematis viticella,yes
Althaea hirsuta,yes
Nepeta racemosa,yes
Crataegus laevigata,yes
Trigonella balansae,yes
Coronilla scorpioides,yes,
Galium saxatile,yes,
Elaeagnus rhamnoides,yes,
Tilia platyphyllos,yes,
Calendula arvensis,yes,
Atriplex laciniata,yes,
Anemone nemorosa,yes,
Impatiens parviflora,yes,
Clematis tangutica,yes,
Allium fistulosum,yes,
Elymus sibiricus,yes,
Saxifraga sibirica,yes,
Emilia sonchifolia,yes,
Drymaria cordata,yes,
Ipomoea alba,yes,
Duranta erecta,yes,
Crinum bulbispermum,yes,
Soliva anthemifolia,yes,
Crotalaria incana,yes,
Ficus pumila,yes,
Jasminum mesnyi,yes,
Peperomia pellucida,yes,
Mitracarpus hirtus,yes,
Trifolium nigrescens,yes,
Indigofera tinctoria,yes,
Crotalaria lanceolata,yes,
Gladiolus papilio,yes,
Saccharum officinarum,yes,
Cardamine debilis,yes,
Asclepias curassavica,yes,
Liriope muscari,yes,
Clerodendrum trichotomum,yes,
Phyllostachys bambusoides,yes
Portulaca amilis,yes
Ipomoea indica,yes
Phyllostachys nigra,yes
Polypogon maritimus,yes
Morus nigra,yes
Cynodon transvaalensis,yes
Plantago ovata,yes
Rosmarinus officinalis,yes
Trifolium tomentosum,yes
Spiraea cantoniensis,yes
Solanum melongena,yes
Buxus sempervirens,yes
Phalaris brachystachys,yes
Lagurus ovatus,yes
Pennisetum villosum,yes
Bromus arenarius,yes
Brachypodium distachyon,yes
Lunaria rediviva,yes
Geranium rotundifolium,yes
Dipsacus sativus,yes
Lobelia erinus,yes
Eryngium maritimum,yes
Peucedanum ostruthium,yes
Iris ensata,yes
Chaenomeles japonica,yes
Allium oleraceum,yes
Lepidium graminifolium,yes
Stachys sylvatica,yes
Anemone blanda,yes
Medicago laciniata,yes
Rosa glauca,yes
Polycnemum majus,yes
Lonicera ruprechtiana,yes
Sedum kamtschaticum,yes
Astragalus glycyphyllos,yes
Iris pumila,yes
Salvia splendens,yes
Tulipa sylvestris,yes
Lamprocapnos spectabilis,yes
Tragopogon miscellus,yes
Silene nutans,yes
Juglans regia,yes
Malcolmia maritima,yes
Leymus racemosus,yes
Lavatera trimestris,yes
Lathyrus sativus,yes
Galium parisiense,yes
Corrigiola litoralis,yes
Lathyrus tingitanus,yes
Geranium pyrenaicum,yes
Campanula latifolia,yes
Carex caryophyllea,yes
Corispermum pacificum,yes
Achillea ligustica,yes
Scleranthus perennis,yes
Festuca gigantea,yes
Succisa pratensis,yes
Carex flacca,yes
Nonea vesicaria,yes
Echinops exaltatus,yes
Sedum aizoon,yes
Cotoneaster acutifolius,yes
Alchemilla glabra,yes
Eragrostis amabilis,yes,
Opuntia monacantha,yes,
Momordica balsamina,yes,
Crotalaria pallida,yes,
Ranunculus trilobus,yes,
Acicarpha tribuloides,yes,
Cucurbita moschata,yes,
Vitex negundo,yes,
Phyllostachys aureosulcata,yes,
Hyacinthus orientalis,yes,
Bupleurum lancifolium,yes,
Cyperus involucratus,yes,
Physalis peruviana,yes,
Fumaria parviflora,yes,
Brachiaria eruciformis,yes,
Coix lacryma-jobi,yes,
Camelina rumelica,yes
Jacobaea maritima,yes
Fumaria vaillantii,yes
Ampelopsis aconitifolia,yes
Iberis sempervirens,yes
Malus sieboldii,yes
Cynoglossum amabile,yes
Erodium botrys,yes
Carex acutiformis,yes
Callistephus chinensis,yes
Syringa reticulata,yes
Juncus capitatus,yes
Matthiola incana,yes
Rorippa indica,yes
Isolepis setacea,yes
Logfia minima,yes
Persicaria nepalensis,yes,
Atriplex sagittata,yes,
Cichorium endivia,yes,
Achillea filipendulina,yes,
Euphorbia lucida,yes,
Epilobium parviflorum,yes,
Rubus grabowskii,yes,
Myrrhis odorata,yes,
Danthonia decumbens,yes,
Alyssum murale,yes,
Solanum capsicoides,yes,
Sacciolepis indica,yes,
Crotalaria ochroleuca,yes,
Oldenlandia corymbosa,yes,
Antigonon leptopus,yes,
Senna alata,yes,
Canna indica,yes,
Lycoris radiata,yes,
Hyptis mutabilis,yes,
Opuntia ficus-indica,yes,
Ziziphus jujuba,yes,
Luffa cylindrica,yes,
Glinus lotoides,yes,
Euphorbia falcata,yes,
Senna corymbosa,yes,
Alternanthera pungens,yes,
Verbena litoralis,yes,
Momordica charantia,yes,
Malvastrum coromandelianum,yes,
Pinellia ternata,yes,
Ageratum houstonianum,yes,
Veronica triphyllos,yes,
Podospermum laciniatum,yes
Phaseolus coccineus,yes
Eleusine tristachya,yes
Hosta lancifolia,yes
Hylotelephium spectabile,yes
Rubia tinctorum,yes
Tragus racemosus,yes
Eleutherococcus sieboldianus,yes
Kolkwitzia amabilis,yes
Juncus inflexus,yes
Saponaria ocymoides,yes
Moenchia erecta,yes
Matthiola longipetala,yes
Crepis biennis,yes
Lepidium heterophyllum,yes
Crepis vesicaria,yes
Ononis spinosa,yes,
Atropa belladonna,yes,
Teucrium botrys,yes,
Helictotrichon pubescens,yes,
Tragopogon mirus,yes,
Succisella inflexa,yes,
Tilia cordata,yes,
Lavatera thuringiaca,yes,
Trigonella caerulea,yes,
Indigofera suffruticosa,yes,
Zephyranthes candida,yes,
Murdannia nudiflora,yes,
Hypochaeris chillensis,yes,
Rosa laevigata,yes,
Alysicarpus vaginalis,yes,
Ipomoea cairica,yes,
Salvia verbenaca,yes
Cerastium diffusum,yes
Mollugo cerviana,yes
Piptatherum miliaceum,yes
Acanthospermum hispidum,yes
Castanea mollissima,yes
Gomphrena globosa,yes
Phalaris paradoxa,yes
Tragus berteronianus,yes
Spiraea salicifolia,yes
Hyacinthoides non-scripta,yes
Vicia pannonica,yes
Colchicum autumnale,yes
Adonis aestivalis,yes
Sempervivum tectorum,yes
Silene viscaria,yes
Galium sylvaticum,yes,
Phaseolus lunatus,yes,
Polycarpon tetraphyllum,yes,
Lolium rigidum,yes,
Datura innoxia,yes,
Avena barbata,yes,
Nicotiana alata,yes,
Aristolochia clematitis,yes,
Crepis nicaeensis,yes,
Euphorbia exigua,yes,
Arnoseris minima,yes,
Sedum hispanicum,yes,
Filipendula vulgaris,yes,
Linaria repens,yes,
Fraxinus excelsior,yes,
Campanula medium,yes,
Luzula congesta,yes
Delphinium elatum,yes
Desmodium tortuosum,yes
Crotalaria retusa,yes
Brachiaria plantaginea,yes
Bothriochloa bladhii,yes
Trifolium hirtum,yes
Linum grandiflorum,yes
Lablab purpureus,yes
Bromus madritensis,yes
Prunus armeniaca,yes
Alyssum simplex,yes
Parietaria judaica,yes
Crepis setosa,yes
Bassia prostrata,yes
Fallopia aubertii,yes
Prunus tomentosa,yes,
Geranium sibiricum,yes,
Silene conica,yes,
Sedum sexangulare,yes,
Cotula australis,yes,
Sagina apetala,yes,
Eranthis hyemalis,yes,
Jasione montana,yes,
Herniaria glabra,yes,
Stellaria holostea,yes,
Digitalis lutea,yes,
Iris sibirica,yes,
Corynephorus canescens,yes,
Digitalis grandiflora,yes,
Salix eleagnos,yes,
Hieracium sabaudum,yes,
Thladiantha dubia,yes,
Potentilla neumanniana,yes,
Cuphea carthagenensis,yes,
Bulbostylis barbata,yes,
Calyptocarpus vialis,yes,
Ipomoea wrightii,yes,
Hackelochloa granularis,yes,
Trifolium lappaceum,yes,
Boehmeria nivea,yes,
Cleome gynandra,yes,
Ageratum conyzoides,yes,
Ipomoea batatas,yes,
Leopoldia comosa,yes,
Periploca graeca,yes,
Chamaemelum nobile,yes,
Amaranthus hypochondriacus,yes,
Chaenomeles speciosa,yes
Leontodon hispidus,yes
Cydonia oblonga,yes
Cotinus coggygria,yes
Aurinia saxatilis,yes
Salpichroa origanifolia,yes
Schoenoplectiella mucronata,yes
Vicia lathyroides,yes
Adonis annua,yes
Sedum rupestre,yes
Vicia faba,yes
Asperula arvensis,yes
Stachys byzantina,yes
Linaria maroccana,yes
Potentilla anglica,yes
Cirsium palustre,yes
Leymus arenarius,yes
Facelis retusa,yes
Sphenoclea zeylanica,yes
Canavalia ensiformis,yes
Datura quercifolia,yes
Narcissus tazetta,yes
Zoysia japonica,yes
Ranunculus muricatus,yes
Chloris gayana,yes
Rostraria cristata,yes
Abelmoschus esculentus,yes
Helleborus viridis,yes
Solanum pseudocapsicum,yes
Sesamum indicum,yes
Galium tricornutum,yes
Tetragonia tetragonioides,yes
Euclidium syriacum,yes,
Glebionis coronaria,yes,
Euphorbia platyphyllos,yes,
Euphorbia agraria,yes,
Campanula trachelium,yes,
Polemonium caeruleum,yes,
Scrophularia nodosa,yes,
Ventenata dubia,yes,
Ulmus glabra,yes,
Trifolium medium,yes,
Alopecurus arundinaceus,yes,
Carex panicea,yes,
Cotula coronopifolia,yes,
Oplismenus hirtellus,yes,
Richardia brasiliensis,yes,
Eremochloa ophiuroides,yes,
Trifolium vesiculosum,yes,
Ammi majus,yes,
Amaranthus deflexus,yes,
Eriochloa villosa,yes,
Consolida regalis,yes,
Cyperus fuscus,yes,
Ocimum basilicum,yes,
Bassia crassifolia,yes,
Trifolium subterraneum,yes,
Trifolium striatum,yes,
Lysimachia clethroides,yes,
Petasites hybridus,yes,
Calamagrostis epigejos,yes,
Stachys arvensis,yes,
Silene conoidea,yes,
Anthriscus cerefolium,yes,
Cuscuta epilinum,yes
Aconitum napellus,yes
Linum catharticum,yes
Lotus pedunculatus,yes
Lolium persicum,yes
Erysimum hieraciifolium,yes
Plantago coronopus,yes
Agropyron fragile,yes
Tristagma uniflorum,yes
Melochia corchorifolia,yes
Parapholis incurva,yes
Nicotiana tabacum,yes
Galium divaricatum,yes
Ballota nigra,yes
Cucurbita maxima,yes
Cakile maritima,yes
Papaver orientale,yes,
Galanthus nivalis,yes,
Filago arvensis,yes,
Veronica verna,yes,
Eryngium planum,yes,
Glyceria fluitans,yes,
Primula veris,yes,
Geranium sanguineum,yes,
Iberis amara,yes,
Melilotus altissimus,yes,
Vicia sepium,yes,
Crotalaria spectabilis,yes,
Cerastium brachypetalum,yes,
Verbena rigida,yes,
Digitaria violascens,yes,
Heliotropium amplexicaule,yes,
Acanthospermum australe,yes
Forsythia viridissima,yes
Catapodium rigidum,yes
Medicago orbicularis,yes
Narcissus jonquilla,yes
Papaver argemone,yes
Lythrum hyssopifolia,yes
Aira praecox,yes
Veronica filiformis,yes
Agrimonia eupatoria,yes
Briza maxima,yes
Molinia caerulea,yes
Heracleum sphondylium,yes
Glandularia tenera,yes
Cyperus difformis,yes
Nelumbo nucifera,yes
Forsythia suspensa,yes
Falcaria vulgaris,yes
Hosta ventricosa,yes
Amaranthus caudatus,yes
Lathyrus aphaca,yes
Clinopodium nepeta,yes
Chenopodium vulvaria,yes
Lens culinaris,yes
Sedum album,yes
Psathyrostachys juncea,yes
Iberis umbellata,yes
Potentilla inclinata,yes
Trisetum flavescens,yes
Bunias orientalis,yes
Calendula officinalis,yes
Fagopyrum tataricum,yes
Geranium pratense,yes,
Astragalus cicer,yes,
Paspalum urvillei,yes,
Lagenaria siceraria,yes,
Impatiens balsamina,yes,
Apera spica-venti,yes,
Filago germanica,yes,
Kickxia spuria,yes,
Hordeum marinum,yes,
Teesdalia nudicaulis,yes,
Linum perenne,yes,
Erodium moschatum,yes,
Mercurialis annua,yes,
Carex hirta,yes,
Eremopyrum triticeum,yes,
Plantago media,yes,
Geum urbanum,yes,
Euphrasia stricta,yes,
Kyllinga brevifolia,yes,
Hydrocotyle sibthorpioides,yes,
Ipomoea quamoclit,yes,
Solanum sisymbriifolium,yes,
Aster tataricus,yes,
Petunia integrifolia,yes,
Nicotiana rustica,yes,
Hylotelephium erythrostictum,yes,
Chenopodium opulifolium,yes,
Carthamus tinctorius,yes,
Althaea officinalis,yes,
Galium odoratum,yes,
Spergularia media,yes,
Briza media,yes,
Galeopsis ladanum,yes,
Cicer arietinum,yes,
Sedum spurium,yes,
Campanula persicifolia,yes,
Senecio sylvaticus,yes,
Campanula glomerata,yes,
Vigna unguiculata,yes,
Amaranthus viridis,yes,
Verbascum virgatum,yes,
Ruta graveolens,yes,
Reseda luteola,yes,
Phaseolus vulgaris,yes,
Levisticum officinale,yes,
Hyssopus officinalis,yes,
Malva alcea,yes,
Thymus pulegioides,yes,
Ribes nigrum,yes,
Lamium album,yes,
Bidens pilosa,yes,
Periballia laevis,yes,
Celosia argentea,yes,
Vicia grandiflora,yes,
Lycium chinense,yes,
Torilis nodosa,yes,
Cucumis sativus,yes,
Amaranthus blitum,yes,
Nicotiana longiflora,yes,
Trifolium fragiferum,yes,
Salvia officinalis,yes,
Carex spicata,yes,
Antirrhinum majus,yes,
Satureja hortensis,yes,
Anthyllis vulneraria,yes,
Alyssum desertorum,yes,
Centaurea scabiosa,yes,
Crepis pulchra,yes,
Lathyrus hirsutus,yes,
Senna occidentalis,yes,
Heliotropium europaeum,yes,
Hypochaeris glabra,yes,
Scandix pecten-veneris,yes,
Beta vulgaris,yes,
Centaurium pulchellum,yes,
Bromus erectus,yes,
Leonurus sibiricus,yes,
Centaurium erythraea,yes,
Chenopodium polyspermum,yes,
Salvia nemorosa,yes,
Veronica austriaca,yes
Centaurea debeauxii,yes
Cerastium tomentosum,yes
Misopates orontium,yes
Axyris amaranthoides,yes
Cyclospermum leptophyllum,yes
Cosmos sulphureus,yes
Ludwigia grandiflora,yes
Thlaspi perfoliatum,yes
Leucojum aestivum,yes
Macleaya cordata,yes
Lotus tenuis,yes
Euphorbia lathyris,yes
Lycopus europaeus,yes
Physalis alkekengi,yes
Lithospermum officinale,yes
Glebionis segetum,yes,
Lathyrus pratensis,yes,
Lomatogonium rotatum,yes,
Sporobolus indicus,yes,
Heliotropium indicum,yes,
Cruciata pedemontana,yes,
Lathyrus tuberosus,yes,
Cardamine flexuosa,yes,
Clinopodium acinos,yes,
Origanum vulgare,yes,
Aethusa cynapium,yes,
Senecio viscosus,yes,
Agrostis canina,yes,
Spinacia oleracea,yes,
Passiflora edulis,yes,
Ranunculus parviflorus,yes,
Ranunculus arvensis,yes,
Medicago minima,yes,
Briza minor,yes,
Tagetes erecta,yes,
Mentha suaveolens,yes,
Philadelphus coronarius,yes,
Pimpinella saxifraga,yes,
Helminthotheca echioides,yes,
Artemisia pontica,yes,
Leontodon saxatilis,yes,
Petroselinum crispum,yes,
Centaurea benedicta,yes,
Nigella damascena,yes,
Agropyron desertorum,yes,
Juncus compressus,yes,
Brassica oleracea,yes,
Paspalum distichum,yes,
Silene gallica,yes,
Mirabilis jalapa,yes,
Ricinus communis,yes,
Medicago arabica,yes,
Cerastium pumilum,yes,
Ribes uva-crispa,yes,
Echinops sphaerocephalus,yes,
Potentilla intermedia,yes,
Lysimachia punctata,yes,
Dianthus plumarius,yes,
Gypsophila elegans,yes,
Mazus pumilus,yes,
Sclerochloa dura,yes,
Ranunculus sardous,yes,
Plantago indica,yes,
Lathyrus sylvestris,yes,
Bromus squarrosus,yes,
Onobrychis viciifolia,yes,
Arctium tomentosum,yes,
Portulaca grandiflora,yes,
Geranium dissectum,yes,
Dysphania pumilio,yes,
Veronica polita,yes,
Anthoxanthum aristatum,yes,
Bromus arvensis,yes,
Myosotis discolor,yes,
Verbascum phlomoides,yes,
Narcissus poeticus,yes,
Silene dioica,yes,
Diplotaxis tenuifolia,yes,
Pisum sativum,yes,
Ipomoea rubriflora,yes,
Glycine max,yes,
Barbarea verna,yes,
Narcissus pseudonarcissus,yes,
Cynosurus cristatus,yes,
Artemisia abrotanum,yes,
Aquilegia vulgaris,yes,
Vulpia bromoides,yes,
Rheum rhabarbarum,yes,
Achillea ptarmica,yes,
Cleome houtteana,yes,
Trifolium resupinatum,yes,
Sedum sarmentosum,yes,
Coriandrum sativum,yes,
Amaranthus cruentus,yes,
Bupleurum rotundifolium,yes,
Cerastium semidecandrum,yes
Mentha aquatica,yes
Viola odorata,yes
Papaver dubium,yes
Angelica atropurpurea,yes
Kickxia elatine,yes
Petunia axillaris,yes
Valerianella locusta,yes
Iris X germanica,yes
Eruca vesicaria,yes
Lilium lancifolium,yes
Reseda lutea,yes
Dianthus deltoides,yes
Borago officinalis,yes
Malva pusilla,yes
Knautia arvensis,yes
Asperugo procumbens,yes
Iris domestica,yes
Physalis philadelphica,yes
Tanacetum balsamita,yes
Galeopsis bifida,yes
Malva verticillata,yes
Veronica chamaedrys,yes
Atriplex hortensis,yes
Cosmos bipinnatus,yes
Cymbalaria muralis,yes
Lepidium ruderale,yes
Scorzoneroides autumnalis,yes
Citrullus lanatus,yes
Lactuca saligna,yes
Echinochloa frumentacea,yes
Cardamine hirsuta,yes
Vicia hirsuta,yes,
Veronica longifolia,yes,
Neslia paniculata,yes,
Geranium molle,yes,
Veronica agrestis,yes,
Malva moschata,yes,
Bellis perennis,yes,
Lepidium sativum,yes,
Myosotis arvensis,yes,
Sherardia arvensis,yes,
Atriplex rosea,yes,
Tanacetum parthenium,yes,
Lepidium didymum,yes,
Sanguisorba minor,yes,
Sisymbrium loeselii,yes,
Sedum telephium,yes,
Artemisia annua,yes,
Lobularia maritima,yes,
Silene armeria,yes,
Spergularia rubra,yes,
Urtica urens,yes,
Erysimum repandum,yes,
Clinopodium vulgare,yes,
Salix fragilis,yes,
Sedum acre,yes,
Holosteum umbellatum,yes,
Silene dichotoma,yes,
Vicia tetrasperma,yes,
Euphorbia helioscopia,yes,
Crepis capillaris,yes,
Cerastium glomeratum,yes,
Trifolium incarnatum,yes,
Solanum lycopersicum,yes,
Sagina procumbens,yes,
Alyssum alyssoides,yes,
Chenopodium glaucum,yes,
Euphorbia peplus,yes,
Samolus valerandi,yes,
Stellaria graminea,yes,
Symphytum officinale,yes,
Gnaphalium uliginosum,yes,
Arabidopsis thaliana,yes,
Dianthus barbatus,yes,
Geranium pusillum,yes,
Papaver rhoeas,yes,
Alopecurus geniculatus,yes,
Zea mays,yes,
Scleranthus annuus,yes,
Malva sylvestris,yes,
Trifolium arvense,yes,
Fumaria officinalis,yes,
Chaenorhinum minus,yes,
Viola arvensis,yes,
Erucastrum gallicum,yes,
Festuca trachyphylla,yes,
Myriophyllum verticillatum,yes,
Setaria verticillata,yes,
Viola tricolor,yes,
Bromus racemosus,yes,
Camelina sativa,yes,
Brassica napus,yes,
Consolida ajacis,yes,
Bidens tripartita,yes,
Echinocystis lobata,yes,
Armoracia rusticana,yes
Eragrostis minor,yes
Typha angustifolia,yes
Bromus hordeaceus,yes
Lappula squarrosa,yes
Amaranthus hybridus,yes
Setaria italica,yes
Buglossoides arvensis,yes
Lycium barbarum,yes
Mollugo verticillata,yes
Lepidium campestre,yes
Amaranthus blitoides,yes
Sinapis alba,yes
Spergula arvensis,yes
Erysimum cheiranthoides,yes
Alopecurus pratensis,yes
Arenaria serpyllifolia,yes,
Fagopyrum esculentum,yes,
Persicaria hydropiper,yes,
Silene noctiflora,yes,
Atriplex patula,yes,
Sisymbrium officinale,yes,
Vaccaria hispanica,yes,
Digitaria ischaemum,yes,
Veronica persica,yes,
Linum usitatissimum,yes,
Conringia orientalis,yes,
Amaranthus albus,yes,
Amaranthus retroflexus,yes,
Galium aparine,yes,
Avena sativa,yes,
Senecio vulgaris,yes,
Polygonum arenastrum,yes
Catalpa X erubescens,yes
Rosa hemisphaerica,yes
Hygrophila stricta,yes
Lampranthus coccineus,yes
Atriplex vesicaria,yes
Atriplex muelleri,yes
Schinus longifolius,yes
Schinus polygamus,yes
Vallesia glabra,yes
Agave weberi,yes
Lasiospermum bipinnatum,yes
Crepis zacintha,yes
Gamochaeta chionesthes,yes
Gnaphalium elegans,yes
Pseudognaphalium roseum,yes
Celtis australis,yes
Quadrella incana,yes
Sedum praealtum,yes
Cyperus phaeolepis,yes
Rhynchospora kunthii,yes
Oxyrhynchus volubilis,yes
Dipogon lignosus,yes
Cytisus dallimorei,yes
Ixia campanulata,yes
Sparaxis tricolor,yes
Watsonia marginata,yes
Juglans X bixbyi,yes
Salvia longistyla,yes
Laurus nobilis,yes
Anisodontea capensis,yes
Krapovickasia physaloides,yes
Eucalyptus X mortoniana,yes
Oenothera cordata,yes
Oxalis bowiei,yes
Limonium arborescens,yes
Pennisetum latifolium,yes
Aegopogon cenchroides,yes
Cynodon aethiopicus,yes
Ehrharta longiflora,yes
Eremochloa ciliaris,yes
Eriochloa pseudoacrotricha,yes
Festuca arvernensis,yes
Leptochloa chloridiformis,yes
Neyraudia arundinacea,yes
Stipa papposa,yes
Polygonum lacerum,yes
Paliurus spina-christi,yes
Pyracantha crenulata,yes,
Rosa serafinii,yes,
Coprosma repens,yes,
Lycianthes rantonnetii,yes,
Furcraea foetida,yes,
Spathodea campanulata,yes,
Eucalyptus robusta,yes,
Digitaria setigera,yes,
Stachytarpheta urticifolia,yes,
Barleria cristata,yes,
Eranthemum pulchellum,yes,
Graptophyllum pictum,yes,
Odontonema tubaeforme,yes,
Thunbergia fragrans,yes,
Dysphania cristata,yes,
Amaranthus thunbergii,yes,
Chenopodium hircinum,yes
Zephyranthes rosea,yes
Cascabela thevetia,yes
Alstonia macrophylla,yes
Aglaonema commutatum,yes
Cryptocoryne wendtii,yes
Livistona chinensis,yes
Acrocomia totai,yes
Agave desmettiana,yes
Gerbera jamesonii,yes
Acmella pilosa,yes
Castalis tragus,yes
Chamaemelum fuscatum,yes
Euryops chrysanthemoides,yes
Gynura aurantiaca,yes
Hymenoxys anthemoides,yes
Iva cheiranthifolia,yes
Pseudogynoxys chenopodioides,yes
Begonia hirtella,yes
Tabebuia aurea,yes
Lepidium schinzii,yes
Sisymbrium turczaninowii,yes
Teesdalia coronopifolia,yes
Nopalea cochenillifera,yes
Wahlenbergia linarioides,yes
Cerastium dichotomum,yes
Cerastium gracile,yes
Gypsophila oldhamiana,yes
Petrorhagia nanteuilii,yes
Cleoserrata serrata,yes
Commelina forskaolii,yes
Commelina nigritana,yes
Murdannia spirata,yes
Tradescantia crassula,yes
Ipomoea asarifolia,yes
Cuscuta cassytoides,yes
Ipomoea cordifolia,yes
Kalanchoe integra,yes
Cucumis metuliferus,yes
Scleria bourgeaui,yes
Uncinia hamata,yes
Diospyros nigra,yes
Eriocaulon benthamii,yes
Acalypha amentacea,yes
Acalypha aristata,yes
Caperonia castaneifolia,yes
Securigera securidaca,yes
Lysiloma sabicu,yes
Indigofera spicata,yes
Indigofera colutea,yes
Enterolobium contortisiliquum,yes
Albizia lebbekoides,yes
Aeschynomene sensitiva,yes
Acacia cornigera,yes
Alysicarpus ovalifolius,yes
Alysicarpus rugosus,yes
Arachis glabrata,yes
Arachis prostrata,yes
Bauhinia X blakeana,yes
Caesalpinia crista,yes
Chamaecrista pilosa,yes
Cojoba graciliflora,yes
Cytisus proliferus,yes
Derris indica,yes
Hosackia alamosana,yes
Hosackia incana,yes
Hosackia yollabolliensis,yes
Indigofera parviflora,yes
Indigofera pilosa,yes
Lotononis bainesii,yes
Vigna adenantha,yes
Vigna speciosa,yes
Lindernia antipoda,yes
Lindernia ciliata,yes
Najas graminea,yes
Najas wrightiana,yes
Ixia maculata,yes
Watsonia meriana,yes
Juncus cyperoides,yes
Vitex glabrata,yes
Holmskioldia sanguinea,yes
Cornutia pyramidata,yes
Clerodendrum X speciosum,yes
Plectranthus parviflorus,yes
Sideritis lanata,yes
Lythrum thymifolia,yes
Hibiscus schizopetalus,yes
Sida antillensis,yes
Sida santaremensis,yes
Musa acuminata,yes
Jasminum officinale,yes
Jasminum laurifolium,yes
Ludwigia longifolia,yes
Encyclia rufa,yes
Epidendrum boricuarum,yes
Vanilla mexicana,yes
Oxalis incarnata,yes
Phytolacca heterotepala,yes
Peperomia amplexicaulis,yes
Angelonia angustifolia,yes
Hebe X franciscana,yes
Maurandya barclayana,yes
Limonium otolepis,yes
Tragus australianus,yes
Sporobolus fimbriatus,yes
Spartina maritima,yes
Chloris pectinata,yes
Brachiaria oligobrachiata,yes
Brachiaria piligera,yes
Cymbopogon jwarancusa,yes
Digitaria nuda,yes
Eragrostis atrovirens,yes
Eragrostis leptostachya,yes
Eragrostis scaligera,yes
Eragrostis setifolia,yes
Lasiacis ruscifolia,yes
Leptochloa digitata,yes
Leptochloa divaricatissima,yes
Nassella manicata,yes
Panicum napaliense,yes
Paspalidium philippianum,yes
Pennisetum polystachyon,yes
Phyllostachys rubromarginata,yes
Piptochaetium setosum,yes
Tragus heptaneuron,yes
Zea perennis,yes
Rumex bucephalophorus,yes
Lysimachia barystachys,yes
Clematis jackmanii,yes
Ixora pavetta,yes
Citrus paradisi,yes
Severinia monophylla,yes
Melicoccus bijugatus,yes
Nierembergia scoparia,yes
Tamarix tetragyna,yes
Cecropia pachystachya,yes
Parietaria officinalis,yes
Pilea ovalis,yes
Pilea trianthemoides,yes
Pouzolzia zeylanica,yes
Verbena supina,yes
Atriplex holocarpa,yes
Nierembergia hippomanica,yes
Viburnum X rhytidophylloides,yes
Delosperma litorale,yes
Atriplex lindleyi,yes
Digera muricata,yes
Dysphania plantaginella,yes
Hermbstaedtia odorata,yes
Aponogeton distachyos,yes
Hydrocotyle moschata,yes
Osteospermum ecklonis,yes
Acmella decumbens,yes
Anthemis secundiramea,yes
Bahia schaffneri,yes
Centaurea pouzinii,yes
Cymophora accedens,yes
Senecio erucifolius,yes
Tagetes minima,yes
Tagetes pusilla,yes
Zinnia angustifolia,yes
Heliotropium supinum,yes
Sisymbrium erysimoides,yes
Diplotaxis siifolia,yes
Iberis gibraltarica,yes
Calycera balsamitifolia,yes
Lonicera X heckrottii,yes
Agrostemma brachyloba,yes
Dianthus fragrans,yes
Gypsophila cerastoides,yes
Gypsophila pilosa,yes
Herniaria incana,yes
Lychnis fulgens,yes
Cleome iberica,yes
Evolvulus filipes,yes
Isolepis hystrix,yes
Carex fuscula,yes
Carex heterostachya,yes
Fuirena coerulescens,yes
Genista maderensis,yes
Astragalus hamosus,yes
Cajanus scarabaeoides,yes
Crotalaria biflora,yes
Cullen corylifolium,yes
Medicago heldreichii,yes
Securigera cretica,yes
Syrmatium haydonii,yes
Syrmatium prostratum,yes
Trigonella procumbens,yes
Crocus flavus,yes
Gladiolus colvillei,yes
Iris X fulvala,yes
Sparaxis fragrans,yes
Juglans intermedia,yes
Stachys ocymastrum,yes
Caryopteris X clandonensis,yes
Stachys longispicata,yes
Magnolia stellata,yes
Magnolia X soulangeana,yes
Sphaeralcea bonariensis,yes
Oenothera stricta,yes
Phytolacca bogotensis,yes
Ceratostigma plumbaginoides,yes
Limonium perezii,yes
Alopecurus creticus,yes
Alopecurus rendlei,yes
Cynodon plectostachyus,yes
Dactyloctenium geminatum,yes
Eragrostis cylindriflora,yes
Paspalum racemosum,yes
Pennisetum petiolare,yes
Phyllostachys flexuosa,yes
Phyllostachys viridiglaucescens,yes
Trisetaria aurea,yes
Crataegus multiflora,yes
Rosa X dumetorum,yes
Rosa X harisonii,yes
Rubus geniculatus,yes
Galium intermedium,yes
Salix aurita,yes
Verbascum pterocaulon,yes
Verbascum ramigerum,yes
Solanum surattense,yes
Urtica ballotifolia,yes
Glandularia peruviana,yes,
Atriplex suberecta,yes,
Drosanthemum floribundum,yes,
Malephora crocea,yes,
Argyranthemum foeniculaceum,yes,
Heteranthemis viscidehirta,yes,
Pericallis hybrida,yes,
Myosotis latifolia,yes,
Lepidium pinnatifidum,yes,
Paronychia franciscana,yes,
Cistus monspeliensis,yes,
Acacia pycnantha,yes,
Acmispon rubriflorus,yes,
Senna multiglandulosa,yes,
Syrmatium cytisoides,yes,
Pelargonium panduriforme,yes,
Pelargonium X domesticum,yes,
Chasmanthe floribunda,yes,
Romulea rosea,yes,
Eucalyptus viminalis,yes,
Parentucellia latifolia,yes,
Oxalis purpurea,yes,
Oxalis hirta,yes,
Plantago firma,yes,
Agrostis tandilensis,yes,
Muehlenbeckia hastulata,yes,
Juncus planifolius,yes,
Atriplex sibirica,yes,
Gomphrena martiana,yes,
Allium scorodoprasum,yes,
Allium nigrum,yes,
Vinca herbacea,yes,
Tanacetum corymbosum,yes
Sonchus palustris,yes
Artemisia umbelliformis,yes
Berkheya heterophylla,yes
Centaurea bovina,yes
Centaurea trichocephala,yes
Centaurea uniflora,yes
Cirsium pyrenaicum,yes
Cota altissima,yes
Cota austriaca,yes
Crepis pannonica,yes
Doronicum plantagineum,yes
Hieracium X brachiatum,yes
Leucanthemum X superbum,yes
Taraxacum spectabile,yes
Epimedium X youngianum,yes
Anchusa barrellieri,yes
Cynoglossum microglochin,yes
Cynoglossum wallichii,yes
Tournefortia sibirica,yes
Rorippa globosa,yes
Iberis carnosa,yes
Saponaria pumilio,yes
Silene coeli-rosa,yes
Spergularia purpurea,yes
Helianthemum salicifolium,yes
Cytisus villosus,yes
Astragalus contortuplicatus,yes
Astragalus tibetanus,yes
Securigera globosa,yes
Trigonella laciniata,yes
Trigonella ramosa,yes
Gentiana cruciata,yes
Crocus imperati,yes
Crocus sieberi,yes
Juglans quadrangulata,yes
Stachys affinis,yes
Scutellaria altissima,yes
Stachys macrantha,yes
Akebia X pentaphylla,yes
Pseudabutilon stuckertii,yes
Linaria aeruginea,yes
Linaria angustissima,yes
Statice leptostachya,yes
Stipa caudata,yes
Cladoraphis cyperoides,yes
Nassella chilensis,yes
Phyllostachys dulcis,yes
Setaria nigrirostris,yes
Spartina X townsendii,yes
Phlox X procumbens,yes
Polemonium cuspidatum,yes
Persicaria campanulata,yes
Rumex X confusus,yes
Cotoneaster hupehensis,yes
Malus X magdeburgensis,yes
Rosa alba,yes
Rubus linkianus,yes
Rubus triphyllus,yes
Asperula orientalis,yes
Galium aristatum,yes
Galium humifusum,yes
Verbascum X spurium,yes
Cephalaria alpina,yes
Silene sibirica,yes,
Lathyrus niger,yes,
Lotus frondosus,yes,
Melilotus suaveolens,yes,
Nepeta camphorata,yes,
Pedicularis sylvatica,yes,
Fumaria reuteri,yes,
Eremopoa altaica,yes,
Potentilla atrosanguinea,yes,
Alchemilla glaucescens,yes,
Alchemilla venosula,yes,
Leucanthemopsis alpina,yes,
Sorbus sambucifolia,yes,
Senna surattensis,yes,
Launaea intybacea,yes,
Stellaria parva,yes,
Eriocaulon cinereum,yes
Dichanthium annulatum,yes
Chloris divaricata,yes
Cynodon magennisii,yes
Paspalum wrightii,yes
Spermacoce verticillata,yes
Tamarix aralensis,yes
Pseuderanthemum variabile,yes
Zephyranthes minuta,yes
Crinum zeylanicum,yes
Zephyranthes citrina,yes
Pascalia glauca,yes
Senecio cannabinifolius,yes
Lotus greenei,yes
Wisteria X formosa,yes
Torenia fournieri,yes
Rotala indica,yes
Cuphea glutinosa,yes
Cudrania tricuspidata,yes
Musa X paradisiaca,yes
Bacopa egensis,yes
Enteropogon chlorideus,yes
Eragrostis elongata,yes
Paspalum almum,yes
Paspalum intermedium,yes
Paspalum nicorae,yes
Pleioblastus simonii,yes
Zoysia tenuifolia,yes
Rumex brownii,yes
Rumex obovatus,yes
Photinia glabra,yes
Pyracantha koidzumii,yes
Oldenlandia salzmannii,yes
Desmanthus virgatus,yes
Centaurea eriophora,yes
Sisymbrium polyceratium,yes
Legousia speculum-veneris,yes
Eleocharis pachycarpa,yes
Sida linifolia,yes
Polytrias indica,yes
Brachiaria subquadripara,yes
Chloris ventricosa,yes
Cynara scolymus,yes
Spergularia platensis,yes
Syrmatium micranthum,yes
Freesia corymbosa,yes
Ibicella lutea,yes
Ruta chalepensis,yes
Bunias erucago,yes
Euonymus aptera,yes
Carex melanostachya,yes
Sideritis romana,yes
Forsythia X intermedia,yes
Themeda arguens,yes
Malus zumi,yes
Myosotis azorica,yes
Crambe maritima,yes
Genista canariensis,yes
Linaria reticulata,yes
Solanum gayanum,yes
Jonopsidium acaule,yes
Cenchrus biflorus,yes
Rosa X rehderiana,yes
Ismelia carinata,yes
Nonea rosea,yes
Rhododendron japonicum,yes
Acalypha australis,yes
Gentiana septemfida,yes
Tricyrtis hirta,yes
Oenothera mollissima,yes
Reseda phyteuma,yes
Verbascum phoeniceum,yes
Carpobrotus chilensis,yes
Impatiens balfourii,yes
Spergularia villosa,yes
Linaria incarnata,yes
Crypsis vaginiflora,yes
Pimpinella anisum,yes
Carduus X orthocephalus,yes
Hieracium X fuscatrum,yes
Serratula tinctoria,yes
Campanula carpatica,yes
Euonymus phellomana,yes
Linaria spartea,yes
Bromus grossus,yes
Polygonum polycnemoides,yes
Polygonum arenarium,yes
Rumex X dissimilis,yes
Cotoneaster lucidus,yes
Cotoneaster simonsii,yes
Hieracium maculatum,yes
Tragopogon crantzii,yes
Tragopogon mirabilis,yes
Gypsophila acutifolia,yes
Gypsophila perfoliata,yes
Primula X polyantha,yes
Geum X catlingii,yes,
Populus X berolinensis,yes,
Doronicum orientale,yes,
Arctium X mixtum,yes,
Rumex confertus,yes,
Salix X sericans,yes,
Merremia tuberosa,yes,
Eustachys caribaea,yes,
Rumex paraguayensis,yes,
Pycreus pumilus,yes,
Panicum bergii,yes,
Phyllostachys meyeri,yes,
Leucanthemum lacustre,yes,
Scoparia montevidensis,yes,
Eragrostis unioloides,yes,
Zea mexicana,yes,
Oxalis pes-caprae,yes,
Petrorhagia dubia,yes,
Spergula pentandra,yes,
Carex divisa,yes,
Ottleya utahensis,yes,
Polygonum patulum,yes,
Salvia hispanica,yes,
Bromus lanceolatus,yes,
Rumex frutescens,yes,
Rosa X borboniana,yes,
Iris orientalis,yes,
Mesembryanthemum cordifolium,yes,
Polypogon australis,yes,
Dendranthema grandiflorum,yes,
Scorpiurus muricatus,yes,
Acmispon wrangelianus,yes,
Lythrum tribracteatum,yes
Hosackia rosea,yes
Sideritis montana,yes
Cytisus multiflorus,yes
Festuca heterophylla,yes
Verbascum X kerneri,yes
X_Achnella caduca,yes
Ligusticum apiifolium,yes
Erechtites glomerata,yes
Bromus cebadilla,yes
Polygonatum hirtum,yes
Hieracium X atramentarium,yes
Erysimum marschallianum,yes
Cerastium siculum,yes
Bromus lepidus,yes
Nicotiana X sanderae,yes
Linaria purpurea,yes,
Galium glaucum,yes,
Campanula prenanthoides,yes,
Veronica grandis,yes,
Poa chaixii,yes,
Coleanthus subtilis,yes,
Rumex alpinus,yes,
Linaria pinifolia,yes,
Arctium X nothum,yes,
Rumex sibiricus,yes,
Mimosa pudica,yes,
Koelreuteria elegans,yes,
Tribulus cistoides,yes,
Acmella pusilla,yes,
Gamochaeta simplicicaulis,yes,
Cynoglossum zeylanicum,yes,
Spergularia echinosperma,yes
Indigofera hirsuta,yes
Alternanthera bettzickiana,yes
Dichondra micrantha,yes
Bothriochloa pertusa,yes
Paspalum convexum,yes
Ottleya wrightii,yes
Rumex cristatus,yes
Acanthospermum humile,yes
Ipomoea tricolor,yes
Pennisetum alopecuroides,yes
Tragopogon X neohybridus,yes
Rorippa prostrata,yes
Centaurium spicatum,yes
Iris variegata,yes
Spiraea X bumalda,yes
Verbascum sinuatum,yes
Lonicera X minutiflora,yes
Lonicera X notha,yes
Scilla luciliae,yes
Dracocephalum moldavica,yes
Veronica dillenii,yes
Verbascum densiflorum,yes
Muscari armeniacum,yes
Poa infirma,yes
Gaillardia X grandiflora,yes
Stellaria palustris,yes
Acmispon parviflorus,yes
Hosackia gracilis,yes
Galium X pomeranicum,yes
Salix X smithiana,yes
Taraxacum palustre,yes
Cephalaria gigantea,yes,
Euphrasia disjuncta,yes,
Alchemilla subcrenata,yes,
Phyllanthus fraternus,yes,
Zinnia peruviana,yes,
Fimbristylis schoenoides,yes,
Tamarix canariensis,yes,
Achyranthes aspera,yes,
Eragrostis cumingii,yes,
Narcissus X odorus,yes,
Lotus plebeius,yes,
Brachiaria adspersa,yes,
Eustachys retusa,yes,
Sanvitalia procumbens,yes,
Chenopodium carnosulum,yes,
Bromus berteroanus,yes,
Rosa tomentosa,yes
Linaria supina,yes
Mentha X verticillata,yes
Atriplex tatarica,yes
Calystegia hederacea,yes
Corispermum pallasii,yes
Laburnum anagyroides,yes
Hosackia pinnata,yes
Impatiens aurella,yes
Sida abutifolia,yes
Eragrostis bahiensis,yes
Santolina chamaecyparissus,yes
Prunella laciniata,yes
Lonicera X xylosteoides,yes
Syringa persica,yes
Festuca nigrescens,yes
X_Agropogon lutosus,yes,
Bolboschoenus glaucus,yes,
Acmispon denticulatus,yes,
Leucanthemella serotina,yes,
Astragalus falcatus,yes,
Crocus vernus,yes,
Oxalis debilis,yes,
Soliva stolonifera,yes,
Scutellaria racemosa,yes,
Ranunculus platensis,yes,
Cuscuta suaveolens,yes,
Ammi visnaga,yes,
Gastridium phleoides,yes,
Leucanthemum maximum,yes,
Mazus miquelii,yes,
Salix atrocinerea,yes,
Iris pallida,yes
Cladanthus mixtus,yes
Amberboa moschata,yes
Verbascum nigrum,yes
Nasturtium X sterile,yes
Atriplex oblongifolia,yes
Rumex pseudonatronatus,yes
Ipomoea turbinata,yes
Acmispon brachycarpus,yes
Solanum villosum,yes
Cerastium dubium,yes
Stachys annua,yes
Crocosmia X crocosmiiflora,yes
Rumex dentatus,yes
Fagus sylvatica,yes
Elymus pycnanthus,yes
Spergularia diandra,yes
Alchemilla monticola,yes
Lindernia crustacea,yes
Wahlenbergia marginata,yes
Leonotis nepetifolia,yes
Stachys germanica,yes
Moluccella laevis,yes
Herniaria hirsuta,yes
Reseda odorata,yes
Rosa centifolia,yes
Sagina japonica,yes
Nothoscordum borbonicum,yes
Narcissus X incomparabilis,yes
Crypsis alopecuroides,yes
Silene X hampeana,yes
Gladiolus X gandavensis,yes
Canna X generalis,yes
Zinnia violacea,yes
Salvia verticillata,yes
Salvia X sylvestris,yes
Arabis caucasica,yes
Oxalis articulata,yes
Narcissus X medioluteus,yes
Symphytum X uplandicum,yes
Tilia X europaea,yes
Odontites verna,yes
Brachiaria ramosa,yes
Glandularia X hybrida,yes
Dysphania multifida,yes
Guizotia abyssinica,yes
Verbena brasiliensis,yes
Verbascum lychnitis,yes
Potentilla reptans,yes,
Lathyrus odoratus,yes,
Petunia X atkinsiana,yes,
Pilosella flagellaris,yes,
Allium ampeloprasum,yes,
Spiraea X vanhouttei,yes,
Aphanes microcarpa,yes,
Dracocephalum thymiflorum,yes,
Chaiturus marrubiastrum,yes,
Mentha X villosa,yes,
Gypsophila muralis,yes,
Chenopodium foliosum,yes,
Petrorhagia saxifraga,yes,
Ajuga genevensis,yes,
Scilla siberica,yes,
Atriplex micrantha,yes,
Eragrostis barrelieri,yes,
Crypsis schoenoides,yes,
Chenopodium bonus-henricus,yes,
Cyanus montanus,yes,
Arachis hypogaea,yes,
Anthriscus caucalis,yes,
Rumex sanguineus,yes,
Calystegia pellita,yes,
Silene chalcedonica,yes,
Mentha X rotundifolia,yes,
Allium cepa,yes,
Rumex pulcher,yes,
Petrorhagia prolifera,yes,
Bromus rigidus,yes,
Rumex longifolius,yes,
Allium sativum,yes,
Thymus praecox,yes,
Silene csereii,yes,
Chenopodium urbicum,yes,
Solanum tuberosum,yes,
Euphorbia davidii,yes,
Rumex patientia,yes,
Polygonum bellardii,yes,
Mentha X gentilis,yes,
Myosotis stricta,yes,
Rumex conglomeratus,yes,
Silene coronaria,yes,
Diplotaxis muralis,yes,
Matricaria chamomilla,yes,
Anethum graveolens,yes,
Cota tinctoria,yes,
Potentilla argentea,yes,
Dysphania botrys,yes
Mentha X piperita,yes
Rumex obtusifolius,yes
